"ChEMBL ID";"Name";"Synonyms";"Type";"Max Phase";"Molecular Weight";"Targets";"Bioactivities";"AlogP";"Polar Surface Area";"HBA";"HBD";"#RO5 Violations";"#Rotatable Bonds";"Passes Ro3";"QED Weighted";"CX Acidic pKa";"CX Basic pKa";"CX LogP";"CX LogD";"Aromatic Rings";"Structure Type";"Inorganic Flag";"Heavy Atoms";"HBA (Lipinski)";"HBD (Lipinski)";"#RO5 Violations (Lipinski)";"Molecular Weight (Monoisotopic)";"Np Likeness Score";"Molecular Species";"Molecular Formula";"Smiles";"Inchi Key"
"CHEMBL1200467";"HYDROXYZINE PAMOATE";"'HY-PAM ''25'''|HY-PAM '25'|HYDROXYZINE EMBONATE|HYDROXYZINE PAMOATE|Hy-Pam|NSC-757063|Vistaril";"Small molecule";"4.0";"763.29";"46";"70";"3.06";"35.94";"4";"1";"0";"8";"N";"0.72";"None";"7.45";"3.41";"3.09";"2";"MOL";"0";"26";"4";"1";"0";"374.1761";"-1.17";"NEUTRAL";"C44H43ClN2O8";"O=C(O)c1cc2ccccc2c(Cc2c(O)c(C(=O)O)cc3ccccc23)c1O.OCCOCCN1CCN(C(c2ccccc2)c2ccc(Cl)cc2)CC1";"ASDOKGIIKXGMNB-UHFFFAOYSA-N"
"CHEMBL2096631";"CLORAZEPATE DIPOTASSIUM";"4306 CB|4306-CB|4306CB|AB 35616|ABBOTT-35616|CB 4306|CLORAZEPATE DIPOTASSIUM|CLORAZEPATE DIPOTASSIUM CIV|CLORAZEPIC ACID DIPOTASSIUM SALT|CM 4306|DIPOTASSIUM CLORAZEPATE|Gen-xene|Potassium Clorazepate|TR 19119|TRANXENE SD|Tranxene";"Small molecule";"4.0";"408.92";"";"";"2.58";"78.76";"3";"2";"0";"2";"N";"0.84";"3.32";"None";"3.21";"-0.22";"2";"MOL";"0";"22";"5";"2";"0";"314.0458";"-0.30";"ACID";"C16H11ClK2N2O4";"O=C([O-])C1N=C(c2ccccc2)c2cc(Cl)ccc2NC1=O.[K+].[K+].[OH-]";"QCHSEDTUUKDTIG-UHFFFAOYSA-L"
"CHEMBL537669";"YOHIMBINE HYDROCHLORIDE";"NSC-19509|PROWESS PLAIN|YOCON|YOHIMBINE HCL|YOHIMBINE HYDROCHLORIDE";"Small molecule";"4.0";"390.91";"21";"43";"2.65";"65.56";"4";"2";"0";"1";"N";"0.77";"None";"7.22";"2.10";"1.88";"2";"MOL";"0";"26";"5";"2";"0";"354.1943";"1.17";"NEUTRAL";"C21H27ClN2O3";"COC(=O)[C@@H]1[C@H]2C[C@H]3c4[nH]c5ccccc5c4CCN3C[C@@H]2CC[C@@H]1O.Cl";"PIPZGJSEDRMUAW-VJDCAHTMSA-N"
"CHEMBL1695";"TIAGABINE HYDROCHLORIDE";"ABBOTT-70569 HYDROCHLORIDE|ABBOTT-70569.1|ABBOTT-70569.HCL|ABBOTT-705691|ABT-569|Abbott-70569|Abbott-70569.1|Gabitril|NNC-05-0328|NNC-050328|NO-05-0328|NO-050328|TIAGABINE HCL|TIAGABINE HYDROCHLORIDE";"Small molecule";"4.0";"412.02";"18";"47";"5.04";"40.54";"4";"1";"1";"6";"N";"0.77";"4.14";"9.26";"2.60";"2.60";"2";"MOL";"0";"25";"3";"1";"1";"375.1327";"-0.62";"ZWITTERION";"C20H26ClNO2S2";"Cc1ccsc1C(=CCCN1CCC[C@@H](C(=O)O)C1)c1sccc1C.Cl";"YUKARLAABCGMCN-PKLMIRHRSA-N"
"CHEMBL1200328";"DULOXETINE HYDROCHLORIDE";"ARICLAIM|Ariclaim|Cymbalta|DRIZALMA SPRINKLE|DUCILTIA|DULOXETINE (AS HYDROCHLORIDE)|DULOXETINE HCL|DULOXETINE HYDROCHLORIDE|DULOXETINE MYLAN|LY-248686|LY-248686 HCL|LY248686 HCL|NSC-759112|XERISTAR|YENTREVE";"Small molecule";"4.0";"333.88";"24";"53";"4.63";"21.26";"3";"1";"0";"6";"N";"0.72";"None";"9.70";"4.20";"1.94";"3";"MOL";"0";"21";"2";"1";"0";"297.1187";"-0.54";"BASE";"C18H20ClNOS";"CNCC[C@H](Oc1cccc2ccccc12)c1cccs1.Cl";"BFFSMCNJSOPUAY-LMOVPXPDSA-N"
"CHEMBL1200322";"ESCITALOPRAM OXALATE";"CITALOPRAM OXALATE, (S)-|ESCITALOPRAM (AS OXALATE)|ESCITALOPRAM OXALATE|LU 26-054-0|LU-26-054-0|LU-26-054-O|Lexapro|NSC-758934";"Small molecule";"4.0";"414.43";"30";"49";"3.81";"36.26";"3";"0";"0";"5";"N";"0.84";"None";"9.78";"3.76";"1.41";"2";"MOL";"0";"24";"3";"0";"0";"324.1638";"-0.47";"BASE";"C22H23FN2O5";"CN(C)CCC[C@@]1(c2ccc(F)cc2)OCc2cc(C#N)ccc21.O=C(O)C(=O)O";"KTGRHKOEFSJQNS-BDQAORGHSA-N"
"CHEMBL1200399";"BUSPIRONE HYDROCHLORIDE";"APD-405|APD405|BUSPIRONE HCL|BUSPIRONE HYDROCHLORIDE|Buspar|MJ 9022-1|MJ-9022-1|NSC-751138|NSC-759571";"Small molecule";"4.0";"421.97";"32";"48";"2.09";"69.64";"6";"0";"0";"6";"N";"0.55";"None";"7.62";"1.78";"1.35";"1";"MOL";"0";"28";"7";"0";"0";"385.2478";"-1.10";"NEUTRAL";"C21H32ClN5O2";"Cl.O=C1CC2(CCCC2)CC(=O)N1CCCCN1CCN(c2ncccn2)CC1";"RICLFGYGYQXUFH-UHFFFAOYSA-N"
"CHEMBL644";"TRIMIPRAMINE";"7162 RP|7162-RP|IL 6001|IL-6001|Surmontil|TRIMEPROPRIMINE|TRIMIPRAMINE|Trimipramine";"Small molecule";"4.0";"294.44";"23";"110";"4.12";"6.48";"2";"0";"0";"4";"N";"0.84";"None";"9.42";"4.76";"2.75";"2";"MOL";"0";"22";"2";"0";"0";"294.2096";"-0.60";"BASE";"C20H26N2";"CC(CN(C)C)CN1c2ccccc2CCc2ccccc21";"ZSCDBOWYZJWBIY-UHFFFAOYSA-N"
"CHEMBL655";"MIDAZOLAM";"MIDAZOLAM|MIDAZOLAM CIV|MIDAZOLAM IN 0.8% SODIUM CHLORIDE|MIDAZOLAM IN 0.9% SODIUM CHLORIDE|NAYZILAM|USL-261|USL261";"Small molecule";"4.0";"325.77";"54";"353";"4.32";"30.18";"3";"0";"0";"1";"N";"0.65";"None";"6.19";"3.97";"3.95";"3";"MOL";"0";"23";"3";"0";"0";"325.0782";"-0.60";"NEUTRAL";"C18H13ClFN3";"Cc1ncc2n1-c1ccc(Cl)cc1C(c1ccccc1F)=NC2";"DDLIGBOFAVUZHB-UHFFFAOYSA-N"
"CHEMBL2104993";"VORTIOXETINE";"BRINTELLIX|LU AA21004|LU-AA21004|LUAA21004|VORTIOXETINE";"Small molecule";"4.0";"298.46";"7";"39";"3.86";"15.27";"3";"1";"0";"3";"N";"0.93";"None";"8.85";"4.76";"3.31";"2";"MOL";"0";"21";"2";"1";"0";"298.1504";"-1.11";"BASE";"C18H22N2S";"Cc1ccc(Sc2ccccc2N2CCNCC2)c(C)c1";"YQNWZWMKLDQSAC-UHFFFAOYSA-N"
"CHEMBL2111030";"PROTHIPENDYL";"PROTHIPENDYL";"Small molecule";"4.0";"285.42";"5";"5";"3.64";"19.37";"4";"0";"0";"4";"N";"0.85";"None";"9.20";"3.31";"1.51";"2";"MOL";"0";"20";"3";"0";"0";"285.1300";"-1.51";"BASE";"C16H19N3S";"CN(C)CCCN1c2ccccc2Sc2cccnc21";"JTTAUPUMOLRVRA-UHFFFAOYSA-N"
"CHEMBL3989843";"TRANYLCYPROMINE";"NSC-80664|TRANYLCYPROMINE";"Small molecule";"4.0";"266.39";"35";"192";"None";"None";"None";"None";"None";"None";"None";"None";"None";"None";"None";"None";"None";"MOL";"0";"None";"None";"None";"None";"266.1783";"None";"None";"C18H22N2";"N[C@@H]1C[C@H]1c1ccccc1.N[C@H]1C[C@@H]1c1ccccc1";"IGLYMJRIWWIQQE-QUOODJBBSA-N"
"CHEMBL1431";"METFORMIN";"LA-6023|METFORMIN|METFORMIN EXTENDED RELEASE|Metformin";"Small molecule";"4.0";"129.17";"727";"2789";"-1.03";"88.99";"2";"4";"0";"0";"N";"0.25";"None";"12.33";"-0.92";"-5.62";"0";"MOL";"0";"9";"5";"5";"0";"129.1014";"0.07";"BASE";"C4H11N5";"CN(C)C(=N)NC(=N)N";"XZWYZXLIPXDOLR-UHFFFAOYSA-N"
"CHEMBL58323";"ERLOSAMIDE";"(R)-LACOSAMIDE 1|ADD 243037|ADD-243037|ERLOSAMIDE|LACOSAMIDE|LACOSAMIDE CV|SPM 927|SPM-927|VIMPAT";"Small molecule";"4.0";"250.30";"32";"225";"0.45";"67.43";"3";"2";"0";"6";"N";"0.77";"12.46";"None";"-0.02";"-0.02";"1";"MOL";"0";"18";"5";"2";"0";"250.1317";"-0.66";"NEUTRAL";"C13H18N2O3";"COC[C@@H](NC(C)=O)C(=O)NCc1ccccc1";"VPPJLAIAVCUEMN-GFCCVEGCSA-N"
"CHEMBL1098659";"WATER";"ADELHEID AQUA|ADELHEIDSQUELLE|AQUA ADELHEID|AQUA PRO INJECTIONE|AQUA PURIFICATA|AQUA STERILISATA PRO INJECTIONE|AQUA WIESBADEN|AQUA WILDBAD|B1217|NSC-147337|PUR-WASH|PURIFIED WATER|R-718|STERILE PURIFIED WATER|STERILE WATER|STERILE WATER FOR INHALATION|STERILE WATER FOR INJECTION|STERILE WATER FOR INJECTIONS|STERILE WATER FOR IRRIGATION|ULTREX II ULTRAPURE|WATER|WATER FOR HEMODIALYSIS|WATER FOR INHALATION, STERILE|WATER FOR INJECTION|WATER FOR INJECTIONS|WATER FOR IRRIGATION,STERILE|WATER PURIFIED|WATER, DEIONIZED|WATER, PURIFIED|WATER, PURIFIED STERILE|WATER, STERILE PURIFIED|WATER,BACTERIOSTATIC|WATER,BACTERIOSTATIC INJECTION|WATER,DEIONIZED|WATER,DISTILLED|WATER,PURIFIED|WATER,SANITIZED|WATER,STERILE|WIESBADEN|WIESBADEN AQUA|WILDBAD AQUA";"Small molecule";"4.0";"18.02";"3";"3";"-0.82";"31.50";"0";"0";"0";"0";"Y";"0.33";"None";"None";"-0.65";"-0.65";"0";"MOL";"0";"1";"1";"2";"0";"18.0106";"0.00";"NEUTRAL";"H2O";"O";"XLYOFNOQVPJJNP-UHFFFAOYSA-N"
"CHEMBL1709";"SERTRALINE HYDROCHLORIDE";"AREMIS|BESITRON|CP-51,974-1|CP-51974-1|LUSTRAL|NSC-746308|NSC-758948|SERTRALINE (AS HYDROCHLORIDE)|SERTRALINE HCL|SERTRALINE HYDROCHLORIDE|Zoloft";"Small molecule";"4.0";"342.70";"52";"140";"5.18";"12.03";"1";"1";"1";"2";"N";"0.81";"None";"9.56";"5.15";"3.02";"2";"MOL";"0";"20";"1";"1";"1";"305.0738";"0.12";"BASE";"C17H18Cl3N";"CN[C@H]1CC[C@@H](c2ccc(Cl)c(Cl)c2)c2ccccc21.Cl";"BLFQGGGGFNSJKA-XHXSRVRCSA-N"
"CHEMBL21731";"MAPROTILINE";"BA-34,276 FREE BASE|BA-34,276 [AS HYDROCHLORIDE]|BA-34276 FREE BASE|MAPROTILINE";"Small molecule";"4.0";"277.41";"170";"731";"4.21";"12.03";"1";"1";"0";"4";"N";"0.83";"None";"10.54";"4.37";"1.48";"2";"MOL";"0";"21";"1";"1";"0";"277.1830";"0.83";"BASE";"C20H23N";"CNCCCC12CCC(c3ccccc31)c1ccccc12";"QSLMDECMDJKHMQ-UHFFFAOYSA-N"
"CHEMBL54349";"ALPIDEM";"ALPIDEM|Alpidem|SL 80.0342-00|SL-80.0342-00";"Small molecule";"4.0";"404.34";"23";"72";"5.50";"37.61";"3";"0";"1";"7";"N";"0.52";"None";"5.05";"4.96";"4.96";"3";"MOL";"0";"27";"4";"0";"1";"403.1218";"-1.86";"NEUTRAL";"C21H23Cl2N3O";"CCCN(CCC)C(=O)Cc1c(-c2ccc(Cl)cc2)nc2ccc(Cl)cn12";"JRTIDHTUMYMPRU-UHFFFAOYSA-N"
"CHEMBL1200951";"FLUPHENAZINE ENANTHATE";"FLUFENAN|FLUPHENAZINE|FLUPHENAZINE ENANTATE|FLUPHENAZINE ENANTHATE|FLUPHENAZINE MALEATE|FLUPHENAZINI ENANTAS|MODITEN ENANT|PROLIXIN ENANTHATE|Prolixin|SQ 16,114|SQ 16144";"Small molecule";"4.0";"549.70";"4";"22";"6.83";"36.02";"6";"0";"2";"12";"N";"0.21";"None";"7.48";"6.89";"6.54";"2";"MOL";"0";"38";"5";"0";"2";"549.2637";"-1.00";"NEUTRAL";"C29H38F3N3O2S";"CCCCCCC(=O)OCCN1CCN(CCCN2c3ccccc3Sc3ccc(C(F)(F)F)cc32)CC1";"LRWSFOSWNAQHHW-UHFFFAOYSA-N"
"CHEMBL112";"ACETAMINOPHEN";"ABDINE|ACETAMINOPHEN|ALVEDON|ANGIERS|APAP|Acephen|Acetaminophen|BIOCETAMOL|CALPOL|CALPOL SIX PLUS|CALPOL SIX PLUS FASTMELTS|CHILD LEMSIP|CUPANOL|DAFALGAN|DISPROL|DISPROL INFANT|DISPROL JNR|DISPROL PAED|DOLIPRANE|Datril|EFFERALGAN|FENNINGS|GALPAMOL|HEDEX|INFADROPS|Infants' Feverall|Injectapap|JUNIOR PARAPAED|MANDANOL|MEDINOL|MEDINOL FOR CHILDREN|MEDINOL OVER 6|MEDINOL UNDER 6|MEDISED PLAIN|MIRADOL|N-ACETYL-P-AMINOPHENOL|NSC-109028|NSC-3991|Neopap|OFIRMEV|P-HYDROXY-ACETANILID|PALDESIC|PANADOL|PANADOL ACTIFAST|PANADOL ACTIFAST SOLB|PANADOL ADVAN|PANADOL JNR|PANADOL OA|PANALEVE|PANALEVE 6 PLUS|PARACETAMOL|PARACETAMOLUM|PARAMIN|PARAPAED JNR|PARAPAED SIX PLUS|PARAVICT|PERFALGAN|PLACIDEX|Paracetamol|Phenaphen|RIMADOL|SALZONE|TIXYMOL|TRAMIL 500|Tylenol|VERMIDON";"Small molecule";"4.0";"151.16";"225";"3079";"1.35";"49.33";"2";"2";"0";"1";"Y";"0.60";"9.46";"None";"0.91";"0.90";"1";"MOL";"0";"11";"3";"2";"0";"151.0633";"-0.64";"NEUTRAL";"C8H9NO2";"CC(=O)Nc1ccc(O)cc1";"RZVAJINKPMORJF-UHFFFAOYSA-N"
"CHEMBL134";"CLONIDINE";"CATAPRES-TTS-1|CATAPRES-TTS-2|CATAPRES-TTS-3|CATARPRES-TTS|CLONIDINE|CLONIDINE EXTENDED RELEASE|Catapres|Clorpres|Combipres|Duraclon|NEXICLON XR|ST-155-BS|ST-155BS";"Small molecule";"4.0";"230.10";"191";"1300";"2.36";"36.42";"3";"2";"0";"1";"Y";"0.78";"None";"8.16";"2.49";"1.66";"1";"MOL";"0";"14";"3";"2";"0";"229.0174";"-0.82";"NEUTRAL";"C9H9Cl2N3";"Clc1cccc(Cl)c1NC1=NCCN1";"GJSURZIOUXUGAL-UHFFFAOYSA-N"
"CHEMBL11";"IMIPRAMINE";"ANTIDEPRIN|BERKOMINE|CRISTALIA|IMIPRAMINE|Imipramine|Janimine|MELIPRAMINE|NSC-169866|ORG-2463|Pramine|Presamine|SERMONIL|TRIMIPRAMINE MALEATE IMPURITY, IMIPRAMINE-|Tofranil|Tofranil-PM";"Small molecule";"4.0";"280.42";"149";"2364";"3.88";"6.48";"2";"0";"0";"4";"N";"0.84";"None";"9.20";"4.28";"2.48";"2";"MOL";"0";"21";"2";"0";"0";"280.1939";"-0.77";"BASE";"C19H24N2";"CN(C)CCCN1c2ccccc2CCc2ccccc21";"BCGWQEUPMDMJNV-UHFFFAOYSA-N"
"CHEMBL568";"OXAZEPAM";"J3.308A|LEDERPAM|NSC-169448|OXAZEPAM|OXAZEPAM CIV|OXOZEPAM|SERENID FTE|Serax|TEMAZEPAM IMPURITY, OXAZEPAM-|WY-3498|Zaxopam";"Small molecule";"4.0";"286.72";"42";"236";"2.45";"61.69";"3";"2";"0";"1";"N";"0.85";"10.61";"None";"2.92";"2.92";"2";"MOL";"0";"20";"4";"2";"0";"286.0509";"-0.23";"NEUTRAL";"C15H11ClN2O2";"O=C1Nc2ccc(Cl)cc2C(c2ccccc2)=NC1O";"ADIMAYPTOBDMTL-UHFFFAOYSA-N"
"CHEMBL894";"BUPROPION";"AMFEBUTAMONE|BUPROPION|BUPROPION EXTENDED RELEASE|BUPROPION SLOW RELEASE|Bupropion|NSC-758686";"Small molecule";"4.0";"239.75";"143";"898";"3.30";"29.10";"2";"1";"0";"3";"N";"0.82";"None";"8.22";"3.27";"2.39";"1";"MOL";"0";"16";"2";"1";"0";"239.1077";"-0.88";"NEUTRAL";"C13H18ClNO";"CC(NC(C)(C)C)C(=O)c1cccc(Cl)c1";"SNPPWIUOZRMYNY-UHFFFAOYSA-N"
"CHEMBL1234579";"NITROUS OXIDE";"DINITROGEN MONOXIDE|DINITROGEN OXIDE|DINITROGENII OXIDUM|E-942|ENTONOX|FACTITIOUS AIR|FEMA NO. 2779|INS NO.942|INS-942|LAUGHING GAS|NITROGEN MONOXIDE|NITROGEN OXIDE (N(SUB 2)O)|NITROGEN PROTOXIDE|NITROGENUM OXYGENATUM|NITROUS OXIDE|Nitrous Oxide|PROTOXIDE OF NITROGEN";"Small molecule";"4.0";"44.01";"3";"22";"-0.16";"53.47";"1";"0";"0";"0";"Y";"0.28";"-1.18";"None";"0.07";"-0.05";"0";"MOL";"0";"3";"3";"0";"0";"44.0011";"0.54";"ACID";"N2O";"[N-]=[N+]=O";"GQPLMRYTRLFLPF-UHFFFAOYSA-N"
"CHEMBL643";"PROMETHAZINE";"DIMAPP|DIPHERGAN|FARGAN|NSC-30321|PROAZAMINE|PROCIT|PROMETAZIN|PROMETHAZINE|PROTAZINE|PROTHAZIN|Phenergan|Promethacon|Promethazine|Promethegan|RP-3277|Remsed|VALLERGINE|Zipan-25|Zipan-50";"Small molecule";"4.0";"284.43";"174";"2325";"4.24";"6.48";"3";"0";"0";"3";"N";"0.83";"None";"9.05";"4.29";"2.64";"2";"MOL";"0";"20";"2";"0";"0";"284.1347";"-0.97";"BASE";"C17H20N2S";"CC(CN1c2ccccc2Sc2ccccc21)N(C)C";"PWWVAXIEGOYWEE-UHFFFAOYSA-N"
"CHEMBL1276308";"MIFEPRISTONE";"KORLYM|MIFEGYNE|MIFEPRISTONE|Mifeprex|NSC-759862|RU 38486|RU 486|RU-38486|RU-486|RU486";"Small molecule";"4.0";"429.60";"214";"1568";"5.41";"40.54";"3";"1";"1";"2";"N";"0.64";"12.87";"4.89";"5.13";"5.13";"1";"MOL";"0";"32";"3";"1";"1";"429.2668";"1.23";"NEUTRAL";"C29H35NO2";"CC#C[C@]1(O)CC[C@H]2[C@@H]3CCC4=CC(=O)CCC4=C3[C@@H](c3ccc(N(C)C)cc3)C[C@@]21C";"VKHAHZOOUSRJNA-GCNJZUOMSA-N"
"CHEMBL930";"GLUTAMINE";"ENDARI|FEMA NO. 3684|GLUTAMINE|L-GLUTAMINE|LEVOGLUTAMIDE|NSC-27421|Nutrestore";"Small molecule";"4.0";"146.15";"27";"63";"-1.34";"106.41";"3";"3";"0";"4";"N";"0.46";"2.15";"9.31";"-4.00";"-4.01";"0";"MOL";"0";"10";"5";"5";"0";"146.0691";"0.89";"ZWITTERION";"C5H10N2O3";"NC(=O)CC[C@H](N)C(=O)O";"ZDXPYRJPNDTMRX-VKHMYHEASA-N"
"CHEMBL30";"CIMETIDINE";"ACID-EZE|ACILOC|ACINIL|ACITAK 200|ACITAK 400|ACITAK 800|BRUMETIDINA|Brumetadina|CIMAL|CIMETIDINE|CIMETIDINUM|DYSPAMET|GALENAMET|GASTROMET|KENTAMET|NSC-335308|PEPTIMAX 200|PEPTIMAX 400|PEPTIMAX 800|SKF-92334|STOMEDINE|TAGADINE|TAGAMET 100|TAGAMET HB|TAGAMET HB 200|Tagamet|ULCEDIN|ULCIMET|ULCOMEDINA|ULTEC|Valmagen|ZITA";"Small molecule";"4.0";"252.35";"271";"2791";"0.60";"88.89";"4";"3";"0";"5";"N";"0.23";"13.38";"6.91";"-0.11";"-0.22";"1";"MOL";"0";"17";"6";"3";"0";"252.1157";"-1.18";"NEUTRAL";"C10H16N6S";"CN/C(=N\CCSCc1nc[nH]c1C)NC#N";"AQIXAKUUQRKLND-UHFFFAOYSA-N"
"CHEMBL979";"MEPROBAMATE";"AMOSENE|BAMATE|Equanil|MEPRIAM|MEPROBAMATE|MEPROBAMATE CIV|MEPROSPAN|Meprobamate|Miltown|NEURAMATE|NSC-30418|TENAVOID|TRANMEP";"Small molecule";"4.0";"218.25";"18";"83";"0.98";"104.64";"4";"2";"0";"6";"N";"0.69";"None";"None";"0.93";"0.93";"0";"MOL";"0";"15";"6";"4";"0";"218.1267";"0.50";"NEUTRAL";"C9H18N2O4";"CCCC(C)(COC(N)=O)COC(N)=O";"NPPQSCRMBWNHMW-UHFFFAOYSA-N"
"CHEMBL549";"CITALOPRAM";"CITADUR|CITALOPRAM|Celexa|Citalopram";"Small molecule";"4.0";"324.40";"157";"997";"3.81";"36.26";"3";"0";"0";"5";"N";"0.84";"None";"9.78";"3.76";"1.41";"2";"MOL";"0";"24";"3";"0";"0";"324.1638";"-0.47";"BASE";"C20H21FN2O";"CN(C)CCCC1(c2ccc(F)cc2)OCc2cc(C#N)ccc21";"WSEQXVZVJXJVFP-UHFFFAOYSA-N"
"CHEMBL86304";"MOCLOBEMIDE";"AURORIX|GNF-PF-695|MANERIX|MOCLOBEMIDE|RO 11-1163/000|RO-111163000";"Small molecule";"4.0";"268.74";"155";"897";"1.40";"41.57";"3";"1";"0";"4";"N";"0.90";"None";"6.02";"1.45";"1.43";"1";"MOL";"0";"18";"4";"1";"0";"268.0979";"-2.06";"NEUTRAL";"C13H17ClN2O2";"O=C(NCCN1CCOCC1)c1ccc(Cl)cc1";"YHXISWVBGDMDLQ-UHFFFAOYSA-N"
"CHEMBL807";"MEMANTINE";"D-145|DRG-0267|MEMANTINE|Memantine|NSC-757843|Namenda";"Small molecule";"4.0";"179.31";"51";"215";"2.69";"26.02";"1";"1";"0";"0";"Y";"0.61";"None";"10.70";"2.07";"-0.78";"0";"MOL";"0";"13";"1";"2";"0";"179.1674";"0.53";"BASE";"C12H21N";"CC12CC3CC(C)(C1)CC(N)(C3)C2";"BUGYDGFZZOZRHP-UHFFFAOYSA-N"
"CHEMBL54";"HALOPERIDOL";"DOLPIN|DOZIC|FORTUNAN|HALDOL SOLUTAB|HALOPERIDOL|HALOPERIDOL DECANOATE IMPURITY, HALOPERIDOL-|Haldol|KENTACE|Keselen|MCN-JR-1625|NSC-170973|NSC-615296|R-1625|SERENACE";"Small molecule";"4.0";"375.87";"355";"4371";"4.43";"40.54";"3";"1";"0";"6";"N";"0.76";"13.96";"8.05";"3.66";"2.93";"2";"MOL";"0";"26";"3";"1";"0";"375.1401";"-0.94";"NEUTRAL";"C21H23ClFNO2";"O=C(CCCN1CCC(O)(c2ccc(Cl)cc2)CC1)c1ccc(F)cc1";"LNEPOXFFQSENCJ-UHFFFAOYSA-N"
"CHEMBL109";"VALPROIC ACID";"44089|CONVULEX|DEPAKOTE|Depakene|NSC-93819|PENTANOIC ACID, 2-PROPYL|STAVZOR|VALPROATE|VALPROIC ACID|VALPROIC ACID EXTENDED RELEASE";"Small molecule";"4.0";"144.21";"278";"4598";"2.29";"37.30";"1";"1";"0";"5";"N";"0.64";"5.14";"None";"2.80";"0.56";"0";"MOL";"0";"10";"2";"1";"0";"144.1150";"0.38";"ACID";"C8H16O2";"CCCC(CCC)C(=O)O";"NIJJYAXOARWZEE-UHFFFAOYSA-N"
"CHEMBL455917";"CHLORAL HYDRATE";"CHLORAL HYDRATE|CHLORALI HYDRAS|CHLORALUM|CLORAL HYDRATE|Chloral Hydrate|NSC-3210|Noctec|SK-Chloral Hydrate";"Small molecule";"4.0";"165.40";"7";"14";"0.67";"40.46";"2";"2";"0";"0";"Y";"0.41";"9.51";"None";"0.69";"0.69";"0";"MOL";"0";"7";"2";"2";"0";"163.9199";"0.06";"NEUTRAL";"C2H3Cl3O2";"OC(O)C(Cl)(Cl)Cl";"RNFNDJAIBTYOQL-UHFFFAOYSA-N"
"CHEMBL888";"GEMCITABINE";"GEMCITABINE|GEMZAR|Gemcitabine|Gemzar|LY-188011|LY188011|NSC-613327";"Small molecule";"4.0";"263.20";"851";"2175";"-1.29";"110.60";"7";"3";"0";"2";"N";"0.61";"11.52";"None";"-1.47";"-1.47";"1";"MOL";"0";"18";"7";"4";"0";"263.0718";"1.30";"NEUTRAL";"C9H11F2N3O4";"Nc1ccn([C@@H]2O[C@H](CO)[C@@H](O)C2(F)F)c(=O)n1";"SDUQYLNIPVEERB-QPPQHZFASA-N"
"CHEMBL85";"RISPERIDONE";"LY-03004|LY03004|N05AX08|NSC-759895|PERSERIS|PERSERIS KIT|R 64 766|R-64,766|R-64-766|R-64766|RCN-3028|RCN3028|RISPERDAL CONSTA|RISPERDAL QUICKLET|RISPERIDONE|Risperdal|Risperdal Consta Long Acting|Risperdal M|Risperdal M-TAB";"Small molecule";"4.0";"410.49";"213";"1366";"3.59";"64.16";"6";"0";"0";"4";"N";"0.66";"None";"8.76";"2.63";"1.25";"3";"MOL";"0";"30";"6";"0";"0";"410.2118";"-1.47";"BASE";"C23H27FN4O2";"Cc1nc2n(c(=O)c1CCN1CCC(c3noc4cc(F)ccc34)CC1)CCCC2";"RAPZEAPATHNIPO-UHFFFAOYSA-N"
"CHEMBL502";"DONEPEZIL";"Aricept|D-797|DONAZ|DONEPEZIL|Donepezil|E-2020";"Small molecule";"4.0";"379.50";"97";"1592";"4.36";"38.77";"4";"0";"0";"6";"N";"0.75";"None";"8.54";"4.21";"3.04";"2";"MOL";"0";"28";"4";"0";"0";"379.2147";"-0.06";"BASE";"C24H29NO3";"COc1cc2c(cc1OC)C(=O)C(CC1CCN(Cc3ccccc3)CC1)C2";"ADEBPBSSDYVVLD-UHFFFAOYSA-N"
"CHEMBL6437";"MIANSERIN";"J16.389I|MIANSERIN|TOLVON";"Small molecule";"4.0";"264.37";"188";"930";"3.08";"6.48";"2";"0";"0";"0";"N";"0.72";"None";"6.92";"3.83";"3.71";"2";"MOL";"0";"20";"2";"0";"0";"264.1626";"-0.64";"NEUTRAL";"C18H20N2";"CN1CCN2c3ccccc3Cc3ccccc3C2C1";"UEQUQVLFIPOEMF-UHFFFAOYSA-N"
"CHEMBL12";"DIAZEPAM";"ALUPRAM 10|ALUPRAM 2|ALUPRAM 5|ANSIOLISINA|ATENSINE|Apozepam|CENTRAZEPAM|DIACEPIN|DIALAR|DIALAR FTE|DIASTAT ACUDIAL|DIAZEPAM|DIAZEPAM CIV|DIAZEPAM INTENSOL|DIZAC|Diastat|E-Pam|LA III|LA-III|NRL-1|NSC-169897|NSC-77518|Paxel|Q-PAM|RO 5-2807|RO-5-2807|RO-52807|Relanium|SERVIZEPAM|SOLIS|STESOLID|Scriptopam|Serenack|TENSIUM|TRANQUASE|Tranimul|VALCLAIR|VALRELEASE|VALTOCO|Valium|Vivol|WY-3467";"Small molecule";"4.0";"284.75";"224";"3611";"3.15";"32.67";"2";"0";"0";"1";"N";"0.79";"None";"2.92";"3.08";"3.08";"2";"MOL";"0";"20";"3";"0";"0";"284.0716";"-0.56";"NEUTRAL";"C16H13ClN2O";"CN1C(=O)CN=C(c2ccccc2)c2cc(Cl)ccc21";"AAOVKJBEBIDNHE-UHFFFAOYSA-N"
"CHEMBL415";"CLOMIPRAMINE";"3-CHLORO-IMINODIBENZYL|ANAPRAMINE|Anafranil|CHLORIMIPRAMINE|CLOMICALM|CLOMIPRAMINE|Clomipramine|NSC-169865";"Small molecule";"4.0";"314.86";"194";"2326";"4.53";"6.48";"2";"0";"0";"4";"N";"0.82";"None";"9.20";"4.88";"3.09";"2";"MOL";"0";"22";"2";"0";"0";"314.1550";"-1.09";"BASE";"C19H23ClN2";"CN(C)CCCN1c2ccccc2CCc2ccc(Cl)cc21";"GDLIGKIOYRNHDA-UHFFFAOYSA-N"
"CHEMBL452";"CLONAZEPAM";"CLONAZEPAM|CLONAZEPAM CIV|KLONOPIN RAPIDLY DISINTEGRATING|Klonopin|NSC-179913|RAVOTRIL|RIVATRIL|RIVOTRIL|RO 5-4023|RO-5-4023|RO-54023";"Small molecule";"4.0";"315.72";"129";"934";"3.04";"84.60";"4";"1";"0";"2";"N";"0.68";"11.65";"1.89";"3.15";"3.15";"2";"MOL";"0";"22";"6";"1";"0";"315.0411";"-0.87";"NEUTRAL";"C15H10ClN3O3";"O=C1CN=C(c2ccccc2Cl)c2cc([N+](=O)[O-])ccc2N1";"DGBIGWXXNGSACT-UHFFFAOYSA-N"
"CHEMBL715";"OLANZAPINE";"ARKOLAMYL|LY-170053|LY170053|OLANSEK|OLANZAPINE|OLANZAPINE APOTEX|OLANZAPINE CIPLA|OLANZAPINE GLENMARK|OLANZAPINE MYLAN|OLANZAPINE TEVA|OLAZAX|OLAZAX DISPERZI|ZALASTA|ZYPREXA VELOTAB|ZYPREXA ZYDIS|Zyprexa";"Small molecule";"4.0";"312.44";"186";"1275";"3.44";"30.87";"5";"1";"0";"0";"N";"0.81";"13.17";"7.24";"3.39";"3.16";"2";"MOL";"0";"22";"4";"1";"0";"312.1409";"-0.99";"NEUTRAL";"C17H20N4S";"Cc1cc2c(s1)Nc1ccccc1N=C2N1CCN(C)CC1";"KVWDHTXUZHCGIO-UHFFFAOYSA-N"
"CHEMBL28218";"BROMPERIDOL";"BROMPERIDOL|IMPROMEN|NSC-759275|R 11,333|R-11333";"Small molecule";"4.0";"420.32";"18";"193";"4.53";"40.54";"3";"1";"0";"6";"N";"0.70";"13.97";"8.07";"3.83";"3.07";"2";"MOL";"0";"26";"3";"1";"0";"419.0896";"-0.84";"NEUTRAL";"C21H23BrFNO2";"O=C(CCCN1CCC(O)(c2ccc(Br)cc2)CC1)c1ccc(F)cc1";"RKLNONIVDFXQRX-UHFFFAOYSA-N"
"CHEMBL970";"HALAZEPAM";"HALAZEPAM|HALAZEPAM CIV|Paxipam|SCH 12041|SCH-12041";"Small molecule";"4.0";"352.74";"24";"42";"4.09";"32.67";"2";"0";"0";"2";"N";"0.80";"None";"2.33";"4.03";"4.03";"2";"MOL";"0";"24";"3";"0";"0";"352.0590";"-0.99";"NEUTRAL";"C17H12ClF3N2O";"O=C1CN=C(c2ccccc2)c2cc(Cl)ccc2N1CC(F)(F)F";"WYCLKVQLVUQKNZ-UHFFFAOYSA-N"
"CHEMBL439849";"VILAZODONE";"EMD 515259|EMD-515259|EMD-68-843|VILAZODONE";"Small molecule";"4.0";"441.54";"34";"65";"4.03";"102.29";"5";"2";"0";"7";"N";"0.42";"None";"8.60";"3.72";"2.49";"4";"MOL";"0";"33";"7";"3";"0";"441.2165";"-1.20";"BASE";"C26H27N5O2";"N#Cc1ccc2[nH]cc(CCCCN3CCN(c4ccc5oc(C(N)=O)cc5c4)CC3)c2c1";"SGEGOXDYSFKCPT-UHFFFAOYSA-N"
"CHEMBL654";"MIRTAZAPINE";"6-AZAMIANSERIN|AVANZA|MIRATAZ|MIRTAZAPIN|MIRTAZAPINE|MIRTAZAPINE ANHYDROUS|NORSET|ORG 3770|ORG-3770|PROMYRTIL|REMERON SOLTAB|REXER|Remeron|ZISPIN";"Small molecule";"4.0";"265.36";"77";"1154";"2.48";"19.37";"3";"0";"0";"0";"Y";"0.73";"None";"6.67";"3.21";"3.13";"2";"MOL";"0";"20";"3";"0";"0";"265.1579";"-0.78";"NEUTRAL";"C17H19N3";"CN1CCN2c3ncccc3Cc3ccccc3C2C1";"RONZAEMNMFQXRA-UHFFFAOYSA-N"
"CHEMBL1200574";"SODIUM CHLORIDE";"0.9% NACL|0.9% SALINE|0.9% SALINE SOLUTION|10% SODIUM CHLORIDE INJECTION|AQSIA (BALANCED SALT SOLN)|ASKINA|ASKINA JET|B1655|BALANCED SALT|BRONCHO SALINE|BSS (BALANCED SALT SOLN)|FLOWFUSOR|FRESENIUS|HYPROMELLOSE IN RINGERS SOLN|IOCARE (BALANCED SALT SOLN)|IRRICLENS|ISOT SALINE|ISOTONIC|ISOTONIC SALINE|ISOTONIC SODIUM CHLORIDE SOLUTION|LABMIST|LOCKES|LS-1700|MACOPERF|MINIVERSOL|MURO 128|NACL 0.9%|NINE LIVES|NORMAL SALINE|NORMASOL|NSC-77364|OFT CUSI ANTIEDEMA|OPTIFLO S|PHYSIOMER|RINGER'S|RINGER-LOCKE|RNS-60 COMPONENT SALINE|RNS60 COMPONENT SALINE|S-CHLOR SF|SALEX|SALINE|SALINE SOLUTION|SALINE STERIPOULE|SALINEX|SEA WATER|SLOW SOD|SODICLOR|SODIUM CHLORIDE|SODIUM CHLORIDE 14.6%|SODIUM CHLORIDE 23.4%|SODIUM CHLORIDE SOLUTION|SODIUM CHLORIDE, HYPERTONIC|STERAC|STERI-WASH|STERIJET|SYRISAL|Sodium Chloride, Hypertonic|TOPICLENS|TUBILUX|Table Salt|URIFLEX-S|URIFLEX-SP|UROCLENS|VITACLEAN";"Small molecule";"4.0";"58.44";"15";"136";"None";"None";"None";"None";"None";"None";"None";"None";"None";"None";"None";"None";"None";"MOL";"1";"None";"None";"None";"None";"57.9586";"None";"None";"ClNa";"[Cl-].[Na+]";"FAPWRFPIFSIZLT-UHFFFAOYSA-M"
"CHEMBL641";"ATOMOXETINE";"ATOMOXETINE|Atomoxetine|Strattera";"Small molecule";"4.0";"255.36";"40";"163";"3.72";"21.26";"2";"1";"0";"6";"N";"0.85";"None";"9.80";"3.81";"1.46";"2";"MOL";"0";"19";"2";"1";"0";"255.1623";"-0.06";"BASE";"C17H21NO";"CNCC[C@@H](Oc1ccccc1C)c1ccccc1";"VHGCDTVCOLNTBX-QGZVFWFLSA-N"
"CHEMBL22097";"LORMETAZEPAM";"Chlorotemazepam|LORAMET|LORMETAZEPAM|Methyllorazepam|WY-4082";"Small molecule";"4.0";"335.19";"8";"36";"3.13";"52.90";"3";"1";"0";"1";"N";"0.87";"10.68";"None";"3.39";"3.39";"2";"MOL";"0";"22";"4";"1";"0";"334.0276";"-0.52";"NEUTRAL";"C16H12Cl2N2O2";"CN1C(=O)C(O)N=C(c2ccccc2Cl)c2cc(Cl)ccc21";"FJIKWRGCXUCUIG-UHFFFAOYSA-N"
"CHEMBL70418";"CLOBAZAM";"CLOBAZAM|COLBAZAM|FRISIUM|H 4723|H-4723|HR 376|HR-376|LM 2717|LM-2717|MYSTAN|NSC-336279|ONFI|PERIZAM|SYMPAZAN|TAPCLOB|URBADAN|Urbanyl";"Small molecule";"4.0";"300.75";"13";"58";"3.37";"40.62";"2";"0";"0";"1";"N";"0.76";"5.82";"None";"2.55";"0.97";"2";"MOL";"0";"21";"4";"0";"0";"300.0666";"-1.10";"ACID";"C16H13ClN2O2";"CN1C(=O)CC(=O)N(c2ccccc2)c2cc(Cl)ccc21";"CXOXHMZGEKVPMT-UHFFFAOYSA-N"
"CHEMBL395429";"OXYTOCIN";"ALPHA-HYPOPHAMINE|ENDOPITUITRINA|INTERTOCINE S|OXYTOCIN|OXYTOCINUM|Orasthin|Pitocin|SYNTOMETRINE|Syntocinon|TNX-1900|TNX1900|TTA-121";"Protein";"4.0";"1007.21";"37";"276";"None";"None";"None";"None";"None";"None";"None";"None";"None";"None";"None";"None";"None";"BOTH";"0";"None";"None";"None";"None";"1006.4365";"None";"None";"C43H66N12O12S2";"CC[C@H](C)[C@@H]1NC(=O)[C@H](Cc2ccc(O)cc2)NC(=O)[C@@H](N)CSSC[C@@H](C(=O)N2CCC[C@H]2C(=O)N[C@@H](CC(C)C)C(=O)NCC(N)=O)NC(=O)[C@H](CC(N)=O)NC(=O)[C@H](CCC(N)=O)NC1=O";"XNOPRXBHLZRZKH-DSZYJQQASA-N"
"CHEMBL969";"PRAZEPAM";"Centrax|DEMETRIN|NSC-277179|PRAZEPAM|PRAZEPAM CIV|W 4020|W-4020";"Small molecule";"4.0";"324.81";"10";"38";"3.93";"32.67";"2";"0";"0";"3";"N";"0.84";"None";"3.06";"3.86";"3.86";"2";"MOL";"0";"23";"3";"0";"0";"324.1029";"-0.77";"NEUTRAL";"C19H17ClN2O";"O=C1CN=C(c2ccccc2)c2cc(Cl)ccc2N1CC1CC1";"MWQCHHACWWAQLJ-UHFFFAOYSA-N"
"CHEMBL243712";"AMISULPRIDE";"AMINOSULTOPRIDE|AMISULPRIDE|APD-421|APD421|BARHEMSYS|DAN-2163|DENIBAN|NSC-760085|SOCIAN|SOLIAN|SOLIAN 100|SOLIAN 200|SOLIAN 400|SOLIAN 50|SULAMID";"Small molecule";"4.0";"369.49";"43";"91";"1.29";"101.73";"6";"2";"0";"7";"N";"0.70";"None";"7.05";"0.25";"0.09";"1";"MOL";"0";"25";"7";"3";"0";"369.1722";"-1.38";"NEUTRAL";"C17H27N3O4S";"CCN1CCCC1CNC(=O)c1cc(S(=O)(=O)CC)c(N)cc1OC";"NTJOBXMMWNYJFB-UHFFFAOYSA-N"
"CHEMBL796";"METHYLPHENIDATE";"COTEMPLA XR-ODT|Concerta|Daytrana|METHYLPHENIDATE|METHYLPHENIDATE EXTENDED RELEASE|Methylin|PRC-063|THREO-DL-METHYLPHENIDATE";"Small molecule";"4.0";"233.31";"33";"106";"2.09";"38.33";"3";"1";"0";"3";"Y";"0.81";"None";"9.09";"2.25";"0.57";"1";"MOL";"0";"17";"3";"1";"0";"233.1416";"0.18";"BASE";"C14H19NO2";"COC(=O)C(c1ccccc1)C1CCCCN1";"DUGOZIWVEXMGBE-UHFFFAOYSA-N"
"CHEMBL636";"RIVASTIGMINE";"ALZEST|ELUDEN|ENA-713|ENA-713D|ERASTIG|Exelon|KERSTIPON|NIMVASTID|ONO-2540|PROMETAX|RIVASTIGMINE|RIVASTIGMINE HEXAL|RIVASTIGMINE SANDOZ|RIVASTIGMINE TEVA|SDZ-212-713|SDZ-212713|SDZ-ENA-713|SOMNITON|VOLEZE";"Small molecule";"4.0";"250.34";"45";"429";"2.76";"32.78";"3";"0";"0";"4";"N";"0.82";"None";"8.80";"2.41";"1.00";"1";"MOL";"0";"18";"4";"0";"0";"250.1681";"-0.98";"BASE";"C14H22N2O2";"CCN(C)C(=O)Oc1cccc([C@H](C)N(C)C)c1";"XSVMFMHYUFZWBK-NSHDSACASA-N"
"CHEMBL315795";"CLOMETHIAZOLE";"CHLORMETHIAZOLE|CLOMETHIAZOLE|DISTRANEURINE|HEMINEVRIN|SCTZ [AS EDISYLATE]";"Small molecule";"4.0";"161.66";"24";"61";"2.23";"12.89";"2";"0";"0";"2";"Y";"0.61";"None";"3.18";"1.77";"1.77";"1";"MOL";"0";"9";"1";"0";"0";"161.0066";"-1.88";"NEUTRAL";"C6H8ClNS";"Cc1ncsc1CCCl";"PCLITLDOTJTVDJ-UHFFFAOYSA-N"
"CHEMBL16";"PHENYTOIN";"DILANTIN-125|DILANTIN-30|DIPHENYLHYDANTOIN|Dilabid|Dilantin|Diphenylhydantoin|EPAMIN|Hydantol|LEPITOIN|NSC-8722|PHENYTOIN|PHENYTOINUM|Phentytoin|Phenytek|Phenytex|SM-88 COMPONENT PHENYTOIN|ZENTROPIL";"Small molecule";"4.0";"252.27";"203";"3949";"1.77";"58.20";"2";"2";"0";"2";"Y";"0.80";"8.49";"None";"2.15";"2.11";"2";"MOL";"0";"19";"4";"2";"0";"252.0899";"-0.27";"NEUTRAL";"C15H12N2O2";"O=C1NC(=O)C(c2ccccc2)(c2ccccc2)N1";"CXOFVDLJLONNDW-UHFFFAOYSA-N"
"CHEMBL14370";"REBOXETINE";"EDRONAX|REBOXETINE";"Small molecule";"4.0";"313.40";"23";"71";"3.19";"39.72";"4";"1";"0";"6";"N";"0.89";"None";"7.91";"3.28";"2.65";"2";"MOL";"0";"23";"4";"1";"0";"313.1678";"-0.17";"NEUTRAL";"C19H23NO3";"CCOc1ccccc1OC(c1ccccc1)C1CNCCO1";"CBQGYUDMJHNJBX-UHFFFAOYSA-N"
"CHEMBL1628227";"DOXEPIN";"DOXEPIN|Doxepin|P-3693A|SINEPIN|SINEQUAN|Zonalon";"Small molecule";"4.0";"279.38";"133";"1921";"3.96";"12.47";"2";"0";"0";"3";"N";"0.84";"None";"9.76";"3.84";"1.51";"2";"MOL";"0";"21";"2";"0";"0";"279.1623";"-0.05";"BASE";"C19H21NO";"CN(C)CCC=C1c2ccccc2COc2ccccc21";"ODQWQRRAPPTVAG-UHFFFAOYSA-N"
"CHEMBL1286";"LEVETIRACETAM";"AGB-101|DESITREND|ELEPSIA|ELEPSIA XR|KEPPRA XR|Keppra|LEVETIRACETAM|LEVETIRACETAM ACCORD|LEVETIRACETAM ACTAVIS|LEVETIRACETAM HOSPIRA|LEVETIRACETAM IN SODIUM CHLORIDE|LEVETIRACETAM SUN|LEVETIRACETAM TEVA|LEVETIRACETAME|MATEVER|N03AX14|NSC-760119|SPRITAM|UCB 22059|UCB L059|UCB-22059|UCB-L059";"Small molecule";"4.0";"170.21";"29";"123";"-0.13";"63.40";"2";"1";"0";"3";"N";"0.64";"None";"None";"-0.59";"-0.59";"0";"MOL";"0";"12";"4";"2";"0";"170.1055";"-0.76";"NEUTRAL";"C8H14N2O2";"CC[C@@H](C(N)=O)N1CCCC1=O";"HPHUVLMMVZITSG-LURJTMIESA-N"
"CHEMBL49";"BUSPIRONE";"BCI-024|BUSPIRONE|Buspar|Buspirone|GEN-BUSPIRONE";"Small molecule";"4.0";"385.51";"176";"1086";"2.09";"69.64";"6";"0";"0";"6";"N";"0.55";"None";"7.62";"1.78";"1.35";"1";"MOL";"0";"28";"7";"0";"0";"385.2478";"-1.10";"NEUTRAL";"C21H31N5O2";"O=C1CC2(CCCC2)CC(=O)N1CCCCN1CCN(c2ncccn2)CC1";"QWCRAEMEVRGPNT-UHFFFAOYSA-N"
"CHEMBL490";"PAROXETINE";"(-)3S,4R-PAROXETINE|ARKETIS|AROTIN|BESITRAM|BRL 29060|BRL-29060|CASBOL|DAPAROX|FG-7051|FROSINOR|MOTIVAN|PAROGEN|PAROXETINE|PAXPAR|Paroxetine|Paxil|Paxil [as hydrochloride]|Pexeva|XETANOR";"Small molecule";"4.0";"329.37";"191";"1082";"3.33";"39.72";"4";"1";"0";"4";"N";"0.93";"None";"9.77";"3.15";"0.83";"2";"MOL";"0";"24";"4";"1";"0";"329.1427";"-0.12";"BASE";"C19H20FNO3";"Fc1ccc([C@@H]2CCNC[C@H]2COc2ccc3c(c2)OCO3)cc1";"AHOUBRCZNHFOSL-YOEHRIQHSA-N"
"CHEMBL13209";"NITRAZEPAM";"BENZALIN|Mogadon|N05CD02|NITRADOS|NITRAZEPAM|NITRAZEPAMUM|NSC-58775|REMNOS|RO 4-5360|RO 5-3059|RO-4-5360|RO-45360|RO-5-3059|RO-53059|SOMNITE|UNISOMNIA";"Small molecule";"4.0";"281.27";"140";"644";"2.38";"84.60";"4";"1";"0";"2";"N";"0.68";"11.66";"2.65";"2.55";"2.55";"2";"MOL";"0";"21";"6";"1";"0";"281.0800";"-0.73";"NEUTRAL";"C15H11N3O3";"O=C1CN=C(c2ccccc2)c2cc([N+](=O)[O-])ccc2N1";"KJONHKAYOJNZEC-UHFFFAOYSA-N"
"CHEMBL407";"FLUMAZENIL";"ANEXATE|FLUMAZENIL|FLUMAZEPIL|Flumazepil|LANEXAT|MAZICON|Mazicon|NSC-759193|RO 15-1788/000|RO-15-1788|RO-151788|RO-151788000|RO-1722|RO-41-8157|Romazicon";"Small molecule";"4.0";"303.29";"188";"642";"1.77";"64.43";"5";"0";"0";"2";"N";"0.79";"None";"2.87";"1.39";"1.39";"2";"MOL";"0";"22";"6";"0";"0";"303.1019";"-0.63";"NEUTRAL";"C15H14FN3O3";"CCOC(=O)c1ncn2c1CN(C)C(=O)c1cc(F)ccc1-2";"OFBIFZUFASYYRE-UHFFFAOYSA-N"
"CHEMBL108";"CARBAMAZEPINE";"ARBIL MR|BISTON|CARBAGEN SR|CARBAMAZEPINE|CARBAMAZEPINE ANHYDROUS|CARBAMAZEPINE EXTENDED RELEASE|CARBAMAZEPINUM|CARNEXIV|Carbatrol|EPIMAZ|EPIMAZ RET|Epitol|Equetro|FINLEPSIN|G-32883|GEIGY 32883|KARBAMAZEPIN|KARBELEX|NEUROTOL|NEUROTOP|NSC-169864|SIRTAL|SIRTAL RET|STAZEPINE|TEGRETAL|TEGRETOL CHEWTAB|TEGRETOL PROLONGED RELEASE|TEGRETOL-XR|TELESMIN|TERIL RET|TIMONIL|TIMONIL 200 RET|TIMONIL 400 RET|Tegretol|Tegretol XR|Teril";"Small molecule";"4.0";"236.27";"210";"3181";"3.39";"46.33";"1";"1";"0";"0";"N";"0.75";"None";"None";"2.77";"2.77";"2";"MOL";"0";"18";"3";"2";"0";"236.0950";"-0.13";"NEUTRAL";"C15H12N2O";"NC(=O)N1c2ccccc2C=Cc2ccccc21";"FFGPTBGBLSHEPO-UHFFFAOYSA-N"
"CHEMBL1764";"LEVOMEPROMAZINE";"CL 36467|CL 39743|CL-36467|CL-39743|LEVOMEPROMAZINE|Levomepromazine|Levoprome|METHOTRIMEPRAZINE|Methotrimeprazine|N05AA02|NEOZINE|NIRVAN|NSC-226516|Nirvan|RP 7044|RP-7044|SK&F 5116|SK&F-5116|Tisercin|XP-03|XP03";"Small molecule";"4.0";"328.48";"13";"59";"4.50";"15.71";"4";"0";"0";"5";"N";"0.80";"None";"9.42";"4.25";"2.24";"2";"MOL";"0";"23";"3";"0";"0";"328.1609";"-1.00";"BASE";"C19H24N2OS";"COc1ccc2c(c1)N(C[C@H](C)CN(C)C)c1ccccc1S2";"VRQVVMDWGGWHTJ-CQSZACIVSA-N"
"CHEMBL1508";"ESCITALOPRAM";"CIPRALEX|ESCITALOPRAM|ESERTIA|ESITOL|Escitalopram|LU-26-054";"Small molecule";"4.0";"324.40";"27";"102";"3.81";"36.26";"3";"0";"0";"5";"N";"0.84";"None";"9.78";"3.76";"1.41";"2";"MOL";"0";"24";"3";"0";"0";"324.1638";"-0.47";"BASE";"C20H21FN2O";"CN(C)CCC[C@@]1(c2ccc(F)cc2)OCc2cc(C#N)ccc21";"WSEQXVZVJXJVFP-FQEVSTJZSA-N"
"CHEMBL1621";"PALIPERIDONE";"9-HYDROXYRISPERIDONE|Invega|NSC-759623|PALIPERIDONE|R-76477|RISPERIDONE IMPURITY, 9-HYDROXYRISPERIDONE-|RO-76477|RO76477|TREVICTA|XEPLION";"Small molecule";"4.0";"426.49";"35";"91";"3.08";"84.39";"7";"1";"0";"4";"N";"0.69";"13.74";"8.76";"1.76";"0.38";"3";"MOL";"0";"31";"7";"1";"0";"426.2067";"-0.89";"BASE";"C23H27FN4O3";"Cc1nc2n(c(=O)c1CCN1CCC(c3noc4cc(F)ccc34)CC1)CCCC2O";"PMXMIIMHBWHSKN-UHFFFAOYSA-N"
"CHEMBL1112";"ARIPIPRAZOLE";"ABILIFY MAINTENA|ABILIFY MAINTENA KIT|ABILIFY MYCITE|ABILIFY MYCITE KIT|ARIPIPRAZOLE|ARIPIPREX|Abilify|NSC-759266|OPC-14597|OPC-31";"Small molecule";"4.0";"448.39";"112";"661";"4.86";"44.81";"4";"1";"0";"7";"N";"0.61";"13.51";"7.46";"4.90";"4.57";"2";"MOL";"0";"30";"5";"1";"0";"447.1480";"-1.16";"NEUTRAL";"C23H27Cl2N3O2";"O=C1CCc2ccc(OCCCCN3CCN(c4cccc(Cl)c4Cl)CC3)cc2N1";"CEUORZQYGODEFX-UHFFFAOYSA-N"
"CHEMBL1521";"ZALEPLON";"CL 284,846|CL-284846|L-846|L846|LJC 10846|LJC-10846|SKP-1041|Sonata|ZAL-846|ZALEPLON|ZALEPLON CIV|ZERENE";"Small molecule";"4.0";"305.34";"138";"768";"2.64";"74.29";"5";"0";"0";"3";"N";"0.75";"None";"0.28";"1.53";"1.53";"3";"MOL";"0";"23";"6";"0";"0";"305.1277";"-2.10";"NEUTRAL";"C17H15N5O";"CCN(C(C)=O)c1cccc(-c2ccnc3c(C#N)cnn23)c1";"HUNXMJYCHXQEGX-UHFFFAOYSA-N"
"CHEMBL46";"ONDANSETRON";"A04AA01|Desmethylondansetron|EUR-1025|GR-38032|GR-38032F|NSC-757870|ONDANSETRON|Ondansetron|ZOFRAN ODT|ZUPLENZ|Zofran";"Small molecule";"4.0";"293.37";"196";"993";"3.13";"39.82";"4";"0";"0";"2";"N";"0.73";"None";"7.34";"2.35";"2.11";"3";"MOL";"0";"22";"4";"0";"0";"293.1528";"-0.54";"NEUTRAL";"C18H19N3O";"Cc1nccn1CC1CCc2c(c3ccccc3n2C)C1=O";"FELGMEQIXOGIFQ-UHFFFAOYSA-N"
"CHEMBL2105581";"VERALIPRIDE";"AGRADIL|AGREAL|VERALIPRIDE";"Small molecule";"4.0";"383.47";"";"";"0.73";"110.96";"6";"2";"0";"8";"N";"0.64";"10.06";"7.77";"0.55";"0.03";"1";"MOL";"0";"26";"8";"3";"0";"383.1515";"-1.21";"NEUTRAL";"C17H25N3O5S";"C=CCN1CCCC1CNC(=O)c1cc(S(N)(=O)=O)cc(OC)c1OC";"RYJXBGGBZJGVQF-UHFFFAOYSA-N"
"CHEMBL297302";"BENPERIDOL";"ANQUIL|BENPERIDOL|BENQUIL|MCN-JR-4584|NSC-170982|R-4584";"Small molecule";"4.0";"381.45";"26";"61";"3.77";"58.10";"4";"1";"0";"6";"N";"0.66";"12.90";"7.35";"3.12";"2.84";"3";"MOL";"0";"28";"5";"1";"0";"381.1853";"-1.40";"NEUTRAL";"C22H24FN3O2";"O=C(CCCN1CCC(n2c(=O)[nH]c3ccccc32)CC1)c1ccc(F)cc1";"FEBOTPHFXYHVPL-UHFFFAOYSA-N"
"CHEMBL1697737";"CLOTIAZEPAM";"CLOTIAZEPAM|CLOZAN";"Small molecule";"4.0";"318.83";"4";"26";"3.78";"32.67";"3";"0";"0";"2";"N";"0.83";"None";"2.39";"4.11";"4.11";"2";"MOL";"0";"21";"3";"0";"0";"318.0594";"-0.42";"NEUTRAL";"C16H15ClN2OS";"CCc1cc2c(s1)N(C)C(=O)CN=C2c1ccccc1Cl";"CHBRHODLKOZEPZ-UHFFFAOYSA-N"
"CHEMBL896";"HYDROXYZINE";"ATARAXOID|Atarax|HYDROXYZINE|Hydroxyzine|MAREX|NSC-169188|Orgatrax|TRAN-Q|TRANQUIZINE|U.C.B-4492";"Small molecule";"4.0";"374.91";"42";"1511";"3.06";"35.94";"4";"1";"0";"8";"N";"0.72";"None";"7.45";"3.41";"3.09";"2";"MOL";"0";"26";"4";"1";"0";"374.1761";"-1.17";"NEUTRAL";"C21H27ClN2O2";"OCCOCCN1CCN(C(c2ccccc2)c2ccc(Cl)cc2)CC1";"ZQDWXGKKHFNSQK-UHFFFAOYSA-N"
"CHEMBL629";"AMITRIPTYLINE";"AMITRIPTYLINE|Amitid|Amitril|Amitriptyline|DAMITRIPTYLINE|Elavil|Endep|Etrafon-A|Etrafon-Forte|FLAVYL|LAROXYL|Limbitrol|PROHEPTADIENE|SEROTEN|TRIPTANOL";"Small molecule";"4.0";"277.41";"190";"2592";"4.17";"3.24";"1";"0";"0";"3";"N";"0.81";"None";"9.76";"4.81";"2.48";"2";"MOL";"0";"21";"1";"0";"0";"277.1830";"-0.11";"BASE";"C20H23N";"CN(C)CCC=C1c2ccccc2CCc2ccccc21";"KRMDCWKBEZIMAB-UHFFFAOYSA-N"
"CHEMBL1423";"PIMOZIDE";"MCN-JR-6238|NSC-170984|Orap|PIMOZIDE|R 623|R 6238|R-623|R-6238";"Small molecule";"4.0";"461.56";"196";"578";"5.86";"41.03";"3";"1";"1";"7";"N";"0.37";"12.90";"8.38";"5.83";"4.80";"4";"MOL";"0";"34";"4";"1";"1";"461.2279";"-1.03";"NEUTRAL";"C28H29F2N3O";"O=c1[nH]c2ccccc2n1C1CCN(CCCC(c2ccc(F)cc2)c2ccc(F)cc2)CC1";"YVUQSNJEYSNKRX-UHFFFAOYSA-N"
"CHEMBL28333";"MEDAZEPAM";"MEDAZEPAM|NOBRIUM|PAMNACE";"Small molecule";"4.0";"270.76";"9";"20";"3.63";"15.60";"2";"0";"0";"1";"N";"0.77";"None";"6.90";"4.21";"4.09";"2";"MOL";"0";"19";"2";"0";"0";"270.0924";"-0.62";"NEUTRAL";"C16H15ClN2";"CN1CCN=C(c2ccccc2)c2cc(Cl)ccc21";"YLCXGBZIZBEVPZ-UHFFFAOYSA-N"
"CHEMBL1200922";"MEBUTAMATE";"AXITEN|BUTATENSIN|CARBUTEN|DICAMOYLMETHANE|Dormate|ENCAPLA|IPOTENSIVO|MEBUTAMAT|MEBUTAMATE|MEBUTINA|MIOARTRINA|NSC-163921|PREAN|PREMINEX|SIGMAFON|VALLENE|W-583";"Small molecule";"4.0";"232.28";"3";"24";"1.23";"104.64";"4";"2";"0";"6";"N";"0.72";"None";"None";"1.21";"1.21";"0";"MOL";"0";"16";"6";"4";"0";"232.1423";"0.43";"NEUTRAL";"C10H20N2O4";"CCC(C)C(C)(COC(N)=O)COC(N)=O";"LEROTMJVBFSIMP-UHFFFAOYSA-N"
"CHEMBL220492";"TOPIRAMATE";"(-)-TOPIRAMATE|EPITOMA|EPITOMAX|EPRONTIA|MCN-4853|QUDEXY|QUDEXY XR|RWJ-17021|RWJ-17021-000|SINCRONIL|TOPAMAC|TOPAMAX SPRINKLE|TOPIMAX|TOPINA|TOPIRAMATE|TOPOMAX|TROKENDI XR|Topamax|USL-255|USL255";"Small molecule";"4.0";"339.37";"67";"665";"-0.40";"115.54";"8";"1";"0";"3";"N";"0.74";"11.09";"None";"0.13";"0.13";"0";"MOL";"0";"22";"9";"2";"0";"339.0988";"1.16";"NEUTRAL";"C12H21NO8S";"CC1(C)O[C@@H]2[C@@H](CO[C@@]3(COS(N)(=O)=O)OC(C)(C)O[C@@H]23)O1";"KJADKKWYZYXHBB-XBWDGYHZSA-N"
"CHEMBL567";"PERPHENAZINE";"Chlorpiprazine|Decentan|ETAPERAZINE|FENTAZIN|NSC-150866|PERPHENAZINE|PERPHENAZINE FENDIZOATE|PERPHENAZINE MALEATE|Perphenazine|Perphenazine Fendizoate|Trilafon|Trilafon-LA";"Small molecule";"4.0";"403.98";"231";"722";"3.94";"29.95";"5";"1";"0";"6";"N";"0.79";"None";"7.81";"3.69";"3.14";"2";"MOL";"0";"27";"4";"1";"0";"403.1485";"-1.27";"NEUTRAL";"C21H26ClN3OS";"OCCN1CCN(CCCN2c3ccccc3Sc3ccc(Cl)cc32)CC1";"RGCVKNLCSQQDEP-UHFFFAOYSA-N"
"CHEMBL741";"LAMOTRIGINE";"BW 430C|BW-430C|LAMICTAL CD|LAMICTAL ODT|LAMICTAL XR|LAMOTRIGINE|Lamictal|NSC-759171";"Small molecule";"4.0";"256.10";"172";"954";"2.01";"90.71";"5";"2";"0";"1";"N";"0.81";"None";"5.89";"1.93";"1.91";"2";"MOL";"0";"16";"5";"4";"0";"255.0079";"-1.11";"NEUTRAL";"C9H7Cl2N5";"Nc1nnc(-c2cccc(Cl)c2Cl)c(N)n1";"PYZRQGJRPPTADH-UHFFFAOYSA-N"
"CHEMBL190461";"CANNABIDIOL";"(-)-CANNABIDIOL|(-)-CBD|(-)-TRANS-CANNABIDIOL|.DELTA.1(2)-TRANS-CANNABIDIOL|BTX-1204|BTX-1503|CANNABIDIOL|CANNABIDIOL SOLUTION|CARDIOLRX|CBD|EPIDIOLEX|GWP-42003|GWP-42003-P|GWP42003|GWP42003-P";"Small molecule";"4.0";"314.47";"113";"299";"5.85";"40.46";"2";"2";"1";"6";"N";"0.51";"9.13";"None";"6.33";"6.32";"1";"MOL";"0";"23";"2";"2";"1";"314.2246";"1.98";"NEUTRAL";"C21H30O2";"C=C(C)[C@@H]1CCC(C)=C[C@H]1c1c(O)cc(CCCCC)cc1O";"QHMBSVQNZZTUGM-ZWKOTPCHSA-N"
"CHEMBL716";"QUETIAPINE";"ATROLAK XL|BIQUELLE XL|BRANCICO XL|EBESQUE XL|MINTRELEQ XL|NORSIC|NSC-758918|PSYQUET XL|QUETIAPINE|QUETIAPINE EXTENDED RELEASE|Quetiapine|SEOTIAPIM XL|SEROQUEL|SEROQUEL XL|SONDATE XL|TENPROLIDE XL|ZALURON XL";"Small molecule";"4.0";"383.52";"155";"771";"2.86";"48.30";"6";"1";"0";"5";"N";"0.80";"None";"7.06";"2.81";"2.64";"2";"MOL";"0";"27";"5";"1";"0";"383.1667";"-0.87";"NEUTRAL";"C21H25N3O2S";"OCCOCCN1CCN(C2=Nc3ccccc3Sc3ccccc32)CC1";"URKOMYMAXPYINW-UHFFFAOYSA-N"
"CHEMBL742";"KETAMINE";"ANAKET V|CALYPSOL|CLORKETAM 1000|DL-KETAMINE|IMALGENE 1000|KETALAR|KETAMINE|KETASOL 100|Ketamine|NARKETAN|NSC-70151|PMI-150|TEKAM|URSOTAMIN|VETAKET";"Small molecule";"4.0";"237.73";"153";"784";"2.90";"29.10";"2";"1";"0";"2";"Y";"0.86";"None";"7.16";"3.35";"3.15";"1";"MOL";"0";"16";"2";"1";"0";"237.0920";"0.02";"NEUTRAL";"C13H16ClNO";"CNC1(c2ccccc2Cl)CCCCC1=O";"YQEZLKZALYSWHR-UHFFFAOYSA-N"
"CHEMBL621";"TRAZODONE";"Desyrel|J10.767K|TRAZODONE|TRITTICO|Trazodone|Trialodine";"Small molecule";"4.0";"371.87";"147";"454";"2.36";"45.78";"6";"0";"0";"5";"N";"0.69";"None";"7.09";"3.13";"2.96";"3";"MOL";"0";"26";"6";"0";"0";"371.1513";"-2.50";"NEUTRAL";"C19H22ClN5O";"O=c1n(CCCN2CCN(c3cccc(Cl)c3)CC2)nc2ccccn12";"PHLBKPHSAVXXEF-UHFFFAOYSA-N"
"CHEMBL771";"CYCLOSERINE";"CYCLOSERINE|CYCLOSERINUM|Cycloserine|D-CYCLOSERINE|NSC-154851|NSC-76029|ORIENTOMYCIN|Seromycin";"Small molecule";"4.0";"102.09";"79";"421";"-1.62";"64.35";"3";"2";"0";"0";"N";"0.39";"4.21";"8.36";"-2.42";"-2.42";"0";"MOL";"0";"7";"4";"3";"0";"102.0429";"1.90";"ACID";"C3H6N2O2";"N[C@@H]1CONC1=O";"DYDCUQKUCUHJBH-UWTATZPHSA-N"
"CHEMBL1059";"PREGABALIN";"ALZAIN|AXALID|CI-1008|LECAENT|LYRICA CR|Lyrica|NSC-759256|PD-144723|PREGABALIN|PREGABALIN MYLAN|PREGABALIN SANDOZ|PREGABALIN SANDOZ GMBH|PREGABALIN ZENTIVA|REWISCA|VRONOGABIC|YNP-1807";"Small molecule";"4.0";"159.23";"23";"161";"1.08";"63.32";"2";"2";"0";"5";"N";"0.63";"4.80";"10.23";"-1.35";"-1.34";"0";"MOL";"0";"11";"3";"3";"0";"159.1259";"1.19";"ZWITTERION";"C8H17NO2";"CC(C)C[C@H](CN)CC(=O)O";"AYXYPKUFHZROOJ-ZETCQYMHSA-N"
"CHEMBL46516";"FLUSPIRILENE";"FLUSPIRILENE|Imap|MCN-JR-6218|R 6218|R-6218|REDEPTIN|Redeptin";"Small molecule";"4.0";"475.58";"82";"243";"5.31";"35.58";"3";"1";"1";"7";"N";"0.50";"11.99";"9.31";"5.78";"3.87";"3";"MOL";"0";"35";"4";"1";"1";"475.2435";"-0.58";"BASE";"C29H31F2N3O";"O=C1NCN(c2ccccc2)C12CCN(CCCC(c1ccc(F)cc1)c1ccc(F)cc1)CC2";"QOYHHIBFXOOADH-UHFFFAOYSA-N"
"CHEMBL2104356";"KETAZOLAM";"ANSEREN|ANSIETEN|ANXON|CONTAMEX|KETAZOLAM|LOFTRAN|NSC-338158|U-28,774|U-28774|UNAKALM";"Small molecule";"4.0";"368.82";"";"";"3.28";"49.85";"3";"0";"0";"1";"N";"0.78";"None";"None";"3.01";"3.01";"2";"MOL";"0";"26";"5";"0";"0";"368.0928";"0.03";"NEUTRAL";"C20H17ClN2O3";"CC1=CC(=O)N2CC(=O)N(C)c3ccc(Cl)cc3C2(c2ccccc2)O1";"PWAJCNITSBZRBL-UHFFFAOYSA-N"
"CHEMBL708";"ZIPRASIDONE";"CP-88059|Geodon|ZIPRADON|ZIPRASIDONE|Ziprasidone";"Small molecule";"4.0";"412.95";"64";"264";"3.81";"48.47";"5";"1";"0";"4";"N";"0.71";"12.21";"7.09";"4.30";"4.13";"3";"MOL";"0";"28";"5";"1";"0";"412.1125";"-1.57";"NEUTRAL";"C21H21ClN4OS";"O=C1Cc2cc(CCN3CCN(c4nsc5ccccc45)CC3)c(Cl)cc2N1";"MVWVFYHBGMAFLY-UHFFFAOYSA-N"
"CHEMBL479";"THIORIDAZINE";"DL-THIORIDAZINE|MELLARIL-S|MELLERETTE|MELLERIL|Mellaril|NOVORIDAZINE|RIDERIL|SONAPAX|THIORIDAZINE|THIORIDAZINE PROLONGATUM|THIORIL|TP-21";"Small molecule";"4.0";"370.59";"220";"2649";"5.89";"6.48";"4";"0";"1";"4";"N";"0.62";"None";"8.93";"5.47";"3.93";"2";"MOL";"0";"25";"2";"0";"1";"370.1537";"-1.03";"BASE";"C21H26N2S2";"CSc1ccc2c(c1)N(CCC1CCCCN1C)c1ccccc1S2";"KLBQZWRITKRQQV-UHFFFAOYSA-N"
"CHEMBL1068";"OXCARBAZEPINE";"GP-47680|KIN-493|NSC-758693|OXCARBAMAZEPINE|OXCARBAZEPINE|OXTELLAR XR|SPN-804|Trileptal";"Small molecule";"4.0";"252.27";"152";"789";"2.64";"63.40";"2";"1";"0";"0";"N";"0.78";"13.18";"None";"1.82";"1.82";"2";"MOL";"0";"19";"4";"2";"0";"252.0899";"-0.12";"NEUTRAL";"C15H12N2O2";"NC(=O)N1c2ccccc2CC(=O)c2ccccc21";"CTRLABGOLIVAIY-UHFFFAOYSA-N"
"CHEMBL451";"CHLORDIAZEPOXIDE";"A-Poxide|CHLORDIAZEPOXIDE|CHLORDIAZEPOXIDE CIV|CLOPOXIDE|Chlordiazachel|Chlordiazepoxide|Clopoxide|LIBRELEASE|LIBRITABS|Librium|Lygen|SARLIB|Trakipeal|Zeisin";"Small molecule";"4.0";"299.76";"159";"1019";"2.95";"50.46";"3";"1";"0";"1";"Y";"0.65";"-2.69";"7.06";"0.19";"1.81";"2";"MOL";"0";"21";"4";"1";"0";"299.0825";"-0.40";"ACID";"C16H14ClN3O";"CNC1=Nc2ccc(Cl)cc2C(c2ccccc2)=[N+]([O-])C1";"ANTSCNMPPGJYLG-UHFFFAOYSA-N"
"CHEMBL45";"MELATONIN";"5-METHOXY N-ACETYL-TRYPTAMINE|BCI-049|CIRCADIN|GENERAL NUTRIT|HEALTH AID|HEIDADOUPPI|ICENIA|J5.258B|LIFE EXT|MELAPURE|MELATOL|MELATONIN|MELATONINE|MELOVINE|Melatonin|N-(2-(5-METHOXY-1H-INDOL-3-YL)ETHYL)ACETAMIDE|N-ACETYL-5-METHOXYTRYPTAMINE|NATROL|NATURE'S BLEND|NATURES BOUNTY|NSC-113928|NSC-302012|NSC-56423|QUALITY HEALTH|REGULIN|S.GARD|TARTROL|TRAVELAG|VESPRO|VYTALONIN";"Small molecule";"4.0";"232.28";"263";"1541";"1.86";"54.12";"2";"2";"0";"4";"N";"0.84";"None";"None";"1.15";"1.15";"2";"MOL";"0";"17";"4";"2";"0";"232.1212";"-0.52";"NEUTRAL";"C13H16N2O2";"COc1ccc2[nH]cc(CCNC(C)=O)c2c1";"DRLFMBDRBRZALE-UHFFFAOYSA-N"
"CHEMBL2";"PRAZOSIN";"CP-12299|CP-122991|PRAZOSIN|Prazosin";"Small molecule";"4.0";"383.41";"205";"1651";"1.78";"106.95";"8";"1";"0";"4";"N";"0.73";"None";"7.24";"1.65";"1.43";"3";"MOL";"0";"28";"9";"2";"0";"383.1594";"-1.29";"NEUTRAL";"C19H21N5O4";"COc1cc2nc(N3CCN(C(=O)c4ccco4)CC3)nc(N)c2cc1OC";"IENZQIKPVFGBNW-UHFFFAOYSA-N"
"CHEMBL26";"SULPIRIDE";"DOLMATIL|Dogmatyl|N05AL01|NSC-757850|RD-1403|SULPIRIDE";"Small molecule";"4.0";"341.43";"173";"2456";"0.56";"101.73";"5";"2";"0";"6";"N";"0.79";"10.24";"8.39";"0.22";"-0.70";"1";"MOL";"0";"23";"7";"3";"0";"341.1409";"-1.62";"NEUTRAL";"C15H23N3O4S";"CCN1CCCC1CNC(=O)c1cc(S(N)(=O)=O)ccc1OC";"BGRJTUBHPOOWDU-UHFFFAOYSA-N"
"CHEMBL831";"LOXAPINE";"ADASUVE|CL 62,362|CL-62362|LOXAPINE|Loxapac|Loxitane|Loxitane Intramuscular [as hydrochloride]|Loxitane-C Oral Suspension [as hydrochloride]|SUM 3170|SUM-3170";"Small molecule";"4.0";"327.81";"37";"130";"3.77";"28.07";"4";"0";"0";"0";"N";"0.74";"None";"7.18";"3.46";"3.26";"2";"MOL";"0";"23";"4";"0";"0";"327.1138";"-0.75";"NEUTRAL";"C18H18ClN3O";"CN1CCN(C2=Nc3ccccc3Oc3ccc(Cl)cc32)CC1";"XJGVXQDUIWGIRW-UHFFFAOYSA-N"
"CHEMBL1372950";"NICERGOLINE";"CERGODUM|CIRCO-MAREN|DILASENIL|DURACEBROL|ERGOBEL|ERGOTOP|FI-6714|MEMOQ|NICERGOLENT|NICERGOLINE|NILOGRIN|NSC-150531|Sermion|VASOSPAN";"Small molecule";"4.0";"484.39";"13";"29";"3.91";"56.59";"6";"0";"0";"4";"N";"0.53";"None";"8.12";"3.70";"2.90";"3";"MOL";"0";"31";"6";"0";"0";"483.1158";"0.19";"NEUTRAL";"C24H26BrN3O3";"CO[C@]12C[C@@H](COC(=O)c3cncc(Br)c3)CN(C)[C@@H]1Cc1cn(C)c3cccc2c13";"YSEXMKHXIOCEJA-FVFQAYNVSA-N"
"CHEMBL646";"TRIAZOLAM";"Halcion|KENTION|N05CD05|TRIAZOLAM|TRIAZOLAM CIV|U-33,030|U-33030";"Small molecule";"4.0";"343.22";"54";"1594";"4.23";"43.07";"4";"0";"0";"1";"N";"0.66";"None";"4.26";"3.63";"3.63";"3";"MOL";"0";"23";"4";"0";"0";"342.0439";"-0.87";"NEUTRAL";"C17H12Cl2N4";"Cc1nnc2n1-c1ccc(Cl)cc1C(c1ccccc1Cl)=NC2";"JOFWLTCLBGQGBO-UHFFFAOYSA-N"
"CHEMBL728";"PROCHLORPERAZINE";"COMPRO|Compazine|PROCHLORPERAZINE|PROCHLORPERAZINE MESILATE|PROCHLORPERAZINE MESYLATE|Prochlorperazine|STEMETIL EFF";"Small molecule";"4.0";"373.95";"177";"958";"4.58";"9.72";"4";"0";"0";"4";"N";"0.78";"None";"7.99";"4.38";"3.69";"2";"MOL";"0";"25";"3";"0";"0";"373.1379";"-1.53";"NEUTRAL";"C20H24ClN3S";"CN1CCN(CCCN2c3ccccc3Sc3ccc(Cl)cc32)CC1";"WIKYUJGCLQQFNW-UHFFFAOYSA-N"
"CHEMBL135400";"ZOPICLONE";"AMOBAN|IMOVANE|NSC-758463|RP 27267|RP-27267|ZILEZE 3.75|ZILEZE 7.5|ZIMOVANE|ZIMOVANE LS|ZOPICLONE";"Small molecule";"4.0";"388.82";"38";"562";"1.57";"91.76";"7";"0";"0";"2";"N";"0.77";"8.04";"6.86";"0.52";"0.59";"2";"MOL";"0";"27";"9";"0";"0";"388.1051";"-0.99";"NEUTRAL";"C17H17ClN6O3";"CN1CCN(C(=O)OC2c3nccnc3C(=O)N2c2ccc(Cl)cn2)CC1";"GBBSUAFBMRNDJC-UHFFFAOYSA-N"
"CHEMBL908";"CHLORPROTHIXENE";"CHLORPROTHIXENE|N-714|N-714RO 4-0403|NSC-18720|RO 4-0403|RO-4-0403|RO-40403|TRUXAL|Taractan";"Small molecule";"4.0";"315.87";"43";"91";"5.19";"3.24";"2";"0";"1";"3";"N";"0.65";"None";"9.76";"5.07";"2.73";"2";"MOL";"0";"21";"1";"0";"1";"315.0848";"-0.83";"BASE";"C18H18ClNS";"CN(C)CC/C=C1/c2ccccc2Sc2ccc(Cl)cc21";"WSPOMRSOLSGNFJ-AUWJEWJLSA-N"
"CHEMBL445";"NORTRIPTYLINE";"ALLEGRON|AVENTYL|DESITRIPTILINA|LUMBECK|MOTIPRESS|MOTIVAL|NCI-169453|NORAMITRIPTYLINE|NORTRILEN|NORTRIPTYLINE|NSC-757234|Nortriptyline|Pamelor|SESAVAL";"Small molecule";"4.0";"263.38";"188";"1068";"3.83";"12.03";"1";"1";"0";"3";"N";"0.83";"None";"10.47";"4.43";"1.58";"2";"MOL";"0";"20";"1";"1";"0";"263.1674";"0.35";"BASE";"C19H21N";"CNCCC=C1c2ccccc2CCc2ccccc21";"PHVGLTMQBUFIQQ-UHFFFAOYSA-N"
"CHEMBL967";"TEMAZEPAM";"(RS)-TEMAZEPAM|KENTEPAM|NORMISON|NSC-246303|Restoril|TEMAZ|TEMAZEPAM|TEMAZEPAM CIV|WY-3917";"Small molecule";"4.0";"300.75";"19";"79";"2.47";"52.90";"3";"1";"0";"1";"N";"0.88";"10.68";"None";"2.79";"2.79";"2";"MOL";"0";"21";"4";"1";"0";"300.0666";"-0.40";"NEUTRAL";"C16H13ClN2O2";"CN1C(=O)C(O)N=C(c2ccccc2)c2cc(Cl)ccc21";"SEQDDYPDSLOBDC-UHFFFAOYSA-N"
"CHEMBL814";"FLUVOXAMINE";"FLUVOXAMINE|Fluvoxamine|N06AB08";"Small molecule";"4.0";"318.34";"48";"164";"3.20";"56.84";"4";"1";"0";"9";"N";"0.43";"None";"8.86";"2.80";"1.33";"1";"MOL";"0";"22";"4";"2";"0";"318.1555";"-0.69";"BASE";"C15H21F3N2O2";"COCCCC/C(=N\OCCN)c1ccc(C(F)(F)F)cc1";"CJOFXWAVKWHTFT-XSFVSMFZSA-N"
"CHEMBL41";"FLUOXETINE";"FLUOXETIN RATIOPHARM|FLUOXETINE|FLUVAL|Fluoxetine|NSC-283480|NSC-758685|Prozac|Sarafem|Symbyax";"Small molecule";"4.0";"309.33";"226";"1217";"4.44";"21.26";"2";"1";"0";"6";"N";"0.85";"None";"9.80";"4.17";"1.83";"2";"MOL";"0";"22";"2";"1";"0";"309.1340";"-0.35";"BASE";"C17H18F3NO";"CNCCC(Oc1ccc(C(F)(F)F)cc1)c1ccccc1";"RTHCYVBBDHJXIQ-UHFFFAOYSA-N"
"CHEMBL36715";"PIRACETAM";"CL-871|GABACET|MYOCALM|NOOTROP|NOOTROP 1200|NOOTROP 400|NOOTROP 800|NOOTROPIL|NSC-758191|PIRACETAM";"Small molecule";"4.0";"142.16";"140";"855";"-0.91";"63.40";"2";"1";"0";"2";"N";"0.54";"None";"None";"-1.68";"-1.68";"0";"MOL";"0";"10";"4";"2";"0";"142.0742";"-1.43";"NEUTRAL";"C6H10N2O2";"NC(=O)CN1CCCC1=O";"GMZVRMREEHBGGF-UHFFFAOYSA-N"
"CHEMBL911";"ZOLPIDEM";"Ambien|SANVAL|ZOLPIDEM|ZOLPIDEM CIV|Zolpidem";"Small molecule";"4.0";"307.40";"58";"352";"3.25";"37.61";"3";"0";"0";"3";"N";"0.74";"None";"5.39";"3.02";"3.01";"3";"MOL";"0";"23";"4";"0";"0";"307.1685";"-1.87";"NEUTRAL";"C19H21N3O";"Cc1ccc(-c2nc3ccc(C)cn3c2CC(=O)N(C)C)cc1";"ZAFYATHCZYHLPB-UHFFFAOYSA-N"
"CHEMBL1101";"BIPERIDEN";"AKINETON-|Akineton|BIPERIDEN|BIPERIDENUM|Biperiden|KL 373|NSC-759145";"Small molecule";"4.0";"311.47";"30";"78";"3.96";"23.47";"2";"1";"0";"5";"N";"0.83";"13.82";"9.30";"3.54";"1.64";"1";"MOL";"0";"23";"2";"1";"0";"311.2249";"-0.28";"BASE";"C21H29NO";"OC(CCN1CCCCC1)(c1ccccc1)C1CC2C=CC1C2";"YSXKPIUOCJLQIE-UHFFFAOYSA-N"
"CHEMBL79";"LIDOCAINE";"ALGRX 3268|ALGRX-3268|Alphacaine|Anestacon|DENTIPATCH|Embolex|Iontocaine|LIDOCAINE|LIDOCAINUM|LIGNOCAINE|LMX 4|Lidocaine|Lidocaton|Lidoderm|Lidopen|Lignocaine HCl|Lignostab|NSC-40030|ORAQIX|Octocaine|SOLARCAINE|VAGISIL|XYLESTESIN|XYLODASE|XYLOTOX|Xylocaine|ZTLIDO";"Small molecule";"4.0";"234.34";"201";"1144";"2.58";"32.34";"2";"1";"0";"5";"N";"0.85";"13.78";"7.75";"2.84";"2.33";"1";"MOL";"0";"17";"3";"1";"0";"234.1732";"-1.69";"NEUTRAL";"C14H22N2O";"CCN(CC)CC(=O)Nc1c(C)cccc1C";"NNJVILVZKWQKPM-UHFFFAOYSA-N"
"CHEMBL569713";"SCOPOLAMINE";"Isoptpo Hyoscine|SCOPOLAMINE|TRANSDERM SCOP";"Small molecule";"4.0";"303.36";"3";"8";"0.92";"62.30";"5";"1";"0";"4";"N";"0.66";"None";"6.95";"0.89";"0.76";"1";"MOL";"0";"22";"5";"1";"0";"303.1471";"1.36";"NEUTRAL";"C17H21NO4";"CN1[C@@H]2C[C@@H](OC(=O)[C@H](CO)c3ccccc3)C[C@H]1[C@@H]1O[C@@H]12";"STECJAGHUSJQJN-FWXGHANASA-N"
"CHEMBL40";"PHENOBARBITAL";"Eskabarb|Luminal|NSC-128143|NSC-128143-|NSC-9848|Noptil|PHENEMAL|PHENOBARBITAL|PHENOBARBITAL CIV|PHENYLETHYLMALONYLUREA|Phenobarbital|Phenobarbitone|Solfoton|Talpheno";"Small molecule";"4.0";"232.24";"155";"3272";"0.70";"75.27";"3";"2";"0";"2";"N";"0.74";"7.14";"None";"1.41";"0.96";"1";"MOL";"0";"17";"5";"2";"0";"232.0848";"0.07";"NEUTRAL";"C12H12N2O3";"CCC1(c2ccccc2)C(=O)NC(=O)NC1=O";"DDBREPKUVSBGFI-UHFFFAOYSA-N"
"CHEMBL42";"CLOZAPINE";"CLOZAPINE|CLOZAPINE (CARACO)|CLOZAPINE (CLOZARIL)|CLOZAPINE (FAZACLO)|CLOZAPINE (IVAX)|CLOZAPINE (MYLAN)|CLOZAPINE (TEVA)|CLOZAPINE (UDL)|CLOZAPINE (VERSACLOZ)|CLOZAPINE RESOLUTION MIXTURE|Clozaril|FAZACLO ODT|Fazaclo|HF 1854|HF-1854|LEPONEX|NSC-757429|VERSACLOZ|ZAPONEX";"Small molecule";"4.0";"326.83";"284";"2498";"3.72";"30.87";"4";"1";"0";"0";"N";"0.80";"None";"7.35";"3.40";"3.12";"2";"MOL";"0";"23";"4";"1";"0";"326.1298";"-0.78";"NEUTRAL";"C18H19ClN4";"CN1CCN(C2=Nc3cc(Cl)ccc3Nc3ccccc32)CC1";"QZUDBNBUXVUHMW-UHFFFAOYSA-N"
"CHEMBL1201066";"VENLAFAXINE HYDROCHLORIDE";"EFFEXOR XR|Effexor|NSC-745751|VENLAFAXINE (AS HYDROCHLORIDE)|VENLAFAXINE HCL|VENLAFAXINE HYDROCHLORIDE|WY-45,030|WY-45030";"Small molecule";"4.0";"313.87";"21";"59";"3.04";"32.70";"3";"1";"0";"5";"N";"0.90";"None";"8.91";"2.74";"1.22";"1";"MOL";"0";"20";"3";"1";"0";"277.2042";"0.13";"BASE";"C17H28ClNO2";"COc1ccc(C(CN(C)C)C2(O)CCCCC2)cc1.Cl";"QYRYFNHXARDNFZ-UHFFFAOYSA-N"
"CHEMBL1257040";"TRIFLUOPERAZINE HYDROCHLORIDE";"NSC-757369|Stelazine|TRIFLUOPERAZINE DIHYDROCHLORIDE|TRIFLUOPERAZINE HCL|TRIFLUOPERAZINE HYDROCHLORIDE|TRIFLUOPERAZINE MALEATE|Trifluoperazine Hydrochloride";"Small molecule";"4.0";"480.43";"14";"26";"4.95";"9.72";"4";"0";"0";"4";"N";"0.71";"None";"7.99";"4.66";"3.97";"2";"MOL";"0";"28";"3";"0";"0";"407.1643";"-1.51";"NEUTRAL";"C21H26Cl2F3N3S";"CN1CCN(CCCN2c3ccccc3Sc3ccc(C(F)(F)F)cc32)CC1.Cl.Cl";"BXDAOUXDMHXPDI-UHFFFAOYSA-N"
"CHEMBL1708";"PAROXETINE HYDROCHLORIDE";"NSC-758654|PAROXETINE HYDROCHLORIDE|PAROXETINE HYDROCHLORIDE ANHYDROUS|PAXIL CR|Paroxetine Hydrochloride|Paxil|SEROXAT";"Small molecule";"4.0";"365.83";"55";"103";"3.33";"39.72";"4";"1";"0";"4";"N";"0.93";"None";"9.77";"3.15";"0.83";"2";"MOL";"0";"24";"4";"1";"0";"329.1427";"-0.12";"BASE";"C19H21ClFNO3";"Cl.Fc1ccc([C@@H]2CCNC[C@H]2COc2ccc3c(c2)OCO3)cc1";"GELRVIPPMNMYGS-RVXRQPKJSA-N"
"CHEMBL3188993";"QUETIAPINE FUMARATE";"FK-947E|FK947E|ICI 204,636|ICI-204636|QUETIAPINE (AS FUMARATE)|QUETIAPINE FUMARATE|QUETIAPINE HEMIFUMARATE|SEROQUEL XR|Seroquel|UTAPINE|ZD-5077|ZD5077|ZM 204,636|ZM-204636";"Small molecule";"4.0";"883.11";"12";"12";"2.86";"48.30";"6";"1";"0";"5";"N";"0.80";"None";"7.06";"2.81";"2.64";"2";"MOL";"0";"27";"5";"1";"0";"383.1667";"-0.87";"NEUTRAL";"C46H54N6O8S2";"O=C(O)/C=C/C(=O)O.OCCOCCN1CCN(C2=Nc3ccccc3Sc3ccccc32)CC1.OCCOCCN1CCN(C2=Nc3ccccc3Sc3ccccc32)CC1";"ZTHJULTYCAQOIJ-WXXKFALUSA-N"
"CHEMBL5095051";"VENLAFAXINE BESYLATE";"VENLAFAXINE BESYLATE|VENLAFAXINE BESYLATE ANHYDROUS";"Small molecule";"4.0";"435.59";"";"";"3.04";"32.70";"3";"1";"0";"5";"N";"0.90";"None";"8.91";"2.74";"1.22";"1";"MOL";"0";"20";"3";"1";"0";"277.2042";"0.13";"BASE";"C23H33NO5S";"COc1ccc(C(CN(C)C)C2(O)CCCCC2)cc1.O=S(=O)(O)c1ccccc1";"PTEFWGKCGCNHDM-UHFFFAOYSA-N"
"CHEMBL33986";"BUTORPHANOL";"BUTORPHANOL|LEVO-BC-2627";"Small molecule";"4.0";"327.47";"25";"110";"3.37";"43.70";"3";"2";"0";"2";"N";"0.88";"9.86";"10.70";"2.89";"0.81";"1";"MOL";"0";"24";"3";"2";"0";"327.2198";"1.33";"BASE";"C21H29NO2";"Oc1ccc2c(c1)[C@@]13CCCC[C@@]1(O)[C@@H](C2)N(CC1CCC1)CC3";"IFKLAQQSCNILHL-QHAWAJNXSA-N"
"CHEMBL778";"DEXMEDETOMIDINE";"DEXMEDETOMIDINE|Dexmedetomidine|MEDETOMIDINE, (S)-|MPV-1440|Precedex";"Small molecule";"4.0";"200.28";"26";"73";"3.18";"28.68";"1";"1";"0";"2";"N";"0.79";"None";"6.54";"3.39";"3.34";"2";"MOL";"0";"15";"2";"1";"0";"200.1313";"-0.44";"NEUTRAL";"C13H16N2";"Cc1cccc([C@H](C)c2c[nH]cn2)c1C";"CUHVIMMYOGQXCV-NSHDSACASA-N"
"CHEMBL1200826";"LITHIUM CARBONATE";"CAMCOLIT 250|CAMCOLIT 400|CP-15,467-61|CP-15467-61|CP-1546761|ESKALITH CR|Eskalith|LISKONUM|LITHANE|LITHIUM CARBONATE|LITHONATE|LITHOTABS|Lithobid|NSC-16895|PHASAL";"Small molecule";"4.0";"73.89";"3";"6";"None";"None";"None";"None";"None";"None";"None";"None";"None";"None";"None";"None";"None";"MOL";"0";"None";"None";"None";"None";"74.0168";"None";"None";"CLi2O3";"O=C([O-])[O-].[Li+].[Li+]";"XGZVUEUWXADBQD-UHFFFAOYSA-L"
"CHEMBL1201293";"ACAMPROSATE";"ACAMPROSATE";"Small molecule";"4.0";"181.21";"5";"19";"-0.60";"83.47";"3";"2";"0";"4";"N";"0.45";"-0.88";"None";"-2.75";"-4.10";"0";"MOL";"0";"11";"5";"2";"0";"181.0409";"-0.59";"ACID";"C5H11NO4S";"CC(=O)NCCCS(=O)(=O)O";"AFCGFAGUEYAMAO-UHFFFAOYSA-N"
"CHEMBL661";"ALPRAZOLAM";"ALPRAZOLAM|ALPRAZOLAM CIV|NSC-760140|Niravam|U 31,889|U-31,889|U-31889|XANAX XR|Xanax";"Small molecule";"4.0";"308.77";"160";"811";"3.58";"43.07";"4";"0";"0";"1";"N";"0.69";"None";"5.01";"3.02";"3.02";"3";"MOL";"0";"22";"4";"0";"0";"308.0829";"-0.84";"NEUTRAL";"C17H13ClN4";"Cc1nnc2n1-c1ccc(Cl)cc1C(c1ccccc1)=NC2";"VREFGVBLTWBCJP-UHFFFAOYSA-N"
"CHEMBL968";"FLURAZEPAM";"Dalmane|FLURAZEPAM|Flurazepam|INSUMIN";"Small molecule";"4.0";"387.89";"16";"95";"4.00";"35.91";"3";"0";"0";"6";"N";"0.75";"None";"8.71";"3.95";"2.62";"2";"MOL";"0";"27";"4";"0";"0";"387.1514";"-1.24";"BASE";"C21H23ClFN3O";"CCN(CC)CCN1C(=O)CN=C(c2ccccc2F)c2cc(Cl)ccc21";"SAADBVWGJQAEFS-UHFFFAOYSA-N"
"CHEMBL940";"GABAPENTIN";"CI-945|DM-1796|GABAPENTIN|GOE 3450|GOE-3450|GRALISE|NSC-742194|NSC-759254|Neurontin";"Small molecule";"4.0";"171.24";"143";"1103";"1.37";"63.32";"2";"2";"0";"3";"N";"0.67";"4.63";"9.91";"-1.27";"-1.27";"0";"MOL";"0";"12";"3";"3";"0";"171.1259";"0.69";"ZWITTERION";"C9H17NO2";"NCC1(CC(=O)O)CCCCC1";"UGJMXCAKCUNAIE-UHFFFAOYSA-N"
"CHEMBL580";"LORAZEPAM";"ABBLORAZ|Ativan|LORAZ|LORAZEPAM|LORAZEPAM CIV|LORAZEPAM INTENSOL|LORAZEPAM PRESERVATIVE FREE|LOREEV XR|NSC-289758|TEMESTA|WY-4036";"Small molecule";"4.0";"321.16";"153";"1043";"3.10";"61.69";"3";"2";"0";"1";"N";"0.85";"10.61";"None";"3.53";"3.53";"2";"MOL";"0";"21";"4";"2";"0";"320.0119";"-0.37";"NEUTRAL";"C15H10Cl2N2O2";"O=C1Nc2ccc(Cl)cc2C(c2ccccc2Cl)=NC1O";"DIWRORZWFLOCLC-UHFFFAOYSA-N"
"CHEMBL277062";"BROMAZEPAM";"BROMAZEPAM|BROMAZEPAM CIV|LEXATIN|LEXOTAN|LEXOTANIL|Lectopam|NSC-140669|RO 5-3350|RO-5-3350";"Small molecule";"4.0";"316.16";"12";"57";"2.63";"54.35";"3";"1";"0";"1";"N";"0.88";"12.24";"2.65";"2.54";"2.54";"2";"MOL";"0";"19";"4";"1";"0";"315.0007";"-0.63";"NEUTRAL";"C14H10BrN3O";"O=C1CN=C(c2ccccn2)c2cc(Br)ccc2N1";"VMIYHDSEFNYJSL-UHFFFAOYSA-N"
"CHEMBL659";"GALANTAMINE";"(-)-GALANTAMINE|(-)-GALANTHAMINE|ACUMOR XL|CONSION XL|ELMINO XL|GALANTAMINE|GALANTHAMINE|GALSYA XL|GALZEMIC XL|GATALIN XL|GAZYLAN XL|Galantamine|LOTPROSIN XL|LUVENTA XL|NSC-100058|REMINYL XL|Razadyne|Reminyl|ZEEBRAL XL";"Small molecule";"4.0";"287.36";"164";"1414";"1.85";"41.93";"4";"1";"0";"1";"N";"0.80";"None";"8.58";"1.16";"-0.04";"1";"MOL";"0";"21";"4";"1";"0";"287.1521";"2.11";"BASE";"C17H21NO3";"COc1ccc2c3c1O[C@H]1C[C@@H](O)C=C[C@@]31CCN(C)C2";"ASUTZQLVASHGKV-JDFRZJQESA-N"
"CHEMBL1234886";"OXYGEN";"DIOXYGEN|E-948|E948|INS NO.948|INS-948|MOLECULAR OXYGEN|OXYGEN|OXYGEN 93 PERCENT|OXYGEN MOLECULE|OXYGENIUM|Oxygen|RNS-60 COMPONENT OXYGEN|RNS60 COMPONENT OXYGEN";"Small molecule";"4.0";"32.00";"6";"8";"0.07";"34.14";"2";"0";"0";"0";"Y";"0.38";"None";"None";"-0.28";"-0.28";"0";"MOL";"0";"2";"2";"0";"0";"31.9898";"-0.03";"None";"O2";"O=O";"MYMOFIZGZYHOMD-UHFFFAOYSA-N"
"CHEMBL657";"DIPHENHYDRAMINE";"Antitussive|Beldin|Belix|Benadryl|Benylin|DIPHENHDYRA|DIPHENHYDRAMINE|Dibenil|Diphen|Diphenhydramine|Hydramine|RESTAMIN|Silphen";"Small molecule";"4.0";"255.36";"161";"975";"3.35";"12.47";"2";"0";"0";"6";"N";"0.78";"None";"8.87";"3.65";"2.17";"2";"MOL";"0";"19";"2";"0";"0";"255.1623";"-0.52";"BASE";"C17H21NO";"CN(C)CCOC(c1ccccc1)c1ccccc1";"ZZVUWRFHKOJYTH-UHFFFAOYSA-N"
"CHEMBL2028019";"CARIPRAZINE";"CARIPRAZINE|FRI-7000188|GED-129|MP-214|REAGILA|RGH-188";"Small molecule";"4.0";"427.42";"20";"109";"4.34";"38.82";"3";"1";"0";"5";"N";"0.76";"None";"7.91";"4.06";"3.43";"1";"MOL";"0";"28";"5";"1";"0";"426.1953";"-1.50";"NEUTRAL";"C21H32Cl2N4O";"CN(C)C(=O)N[C@H]1CC[C@H](CCN2CCN(c3cccc(Cl)c3Cl)CC2)CC1";"KPWSJANDNDDRMB-QAQDUYKDSA-N"
"CHEMBL27";"PROPRANOLOL";".BETA.-PROPRANOLOL|AY-64043-|BETALONG|DL-PROPRANOLOL|EUPROVASIN|Inderal|Inderide-40/25|Inderide-80/25|PROPRANOLOL|PROPRASYLYT|Propranolol|REDUCOR";"Small molecule";"4.0";"259.35";"232";"3271";"2.58";"41.49";"3";"2";"0";"6";"N";"0.84";"None";"9.67";"2.58";"0.36";"2";"MOL";"0";"19";"3";"2";"0";"259.1572";"-0.47";"BASE";"C16H21NO2";"CC(C)NCC(O)COc1cccc2ccccc12";"AQHHHDLHHXJYJD-UHFFFAOYSA-N"
"CHEMBL1175";"DULOXETINE";"Cymbalta|DULOXETINE|Duloxetine|LY-248686|LY248686";"Small molecule";"4.0";"297.42";"49";"202";"4.63";"21.26";"3";"1";"0";"6";"N";"0.72";"None";"9.70";"4.20";"1.94";"3";"MOL";"0";"21";"2";"1";"0";"297.1187";"-0.54";"BASE";"C18H19NOS";"CNCC[C@H](Oc1cccc2ccccc12)c1cccs1";"ZEUITGRIYCTCEM-KRWDZBQOSA-N"
"CHEMBL809";"SERTRALINE";"SERTRALINE|Sertraline";"Small molecule";"4.0";"306.24";"183";"963";"5.18";"12.03";"1";"1";"1";"2";"N";"0.81";"None";"9.56";"5.15";"3.02";"2";"MOL";"0";"20";"1";"1";"1";"305.0738";"0.12";"BASE";"C17H17Cl2N";"CN[C@H]1CC[C@@H](c2ccc(Cl)c(Cl)c2)c2ccccc21";"VGKDLMBJGBXTGI-SJCJKPOMSA-N"
"CHEMBL10878";"AGOMELATINE";"AGOMELATINE|S-20098|S20098|THYMANAX|VALDOXAN";"Small molecule";"4.0";"243.31";"23";"159";"2.53";"38.33";"2";"1";"0";"4";"N";"0.90";"None";"None";"2.04";"2.04";"2";"MOL";"0";"18";"3";"1";"0";"243.1259";"-0.52";"NEUTRAL";"C15H17NO2";"COc1ccc2cccc(CCNC(C)=O)c2c1";"YJYPHIXNFHFHND-UHFFFAOYSA-N"
"CHEMBL1027";"TIAGABINE";"A-70569-1|ABBOTT-70569|ABBOTT-70569 FREE BASE|ABBOTT-70569-1|ABBOTT-705691 FREE BASE|ABT-569|ABT-569 FREE BASE|GABITRIL|Gabitril|NNC-05-0328|NNC-050328 FREE BASE|NO-05-0328|NO-050328 FREE BASE|TIAGABINE|Tiagabine";"Small molecule";"4.0";"375.56";"22";"151";"5.04";"40.54";"4";"1";"1";"6";"N";"0.77";"4.14";"9.26";"2.60";"2.60";"2";"MOL";"0";"25";"3";"1";"1";"375.1327";"-0.62";"ZWITTERION";"C20H25NO2S2";"Cc1ccsc1C(=CCCN1CCC[C@@H](C(=O)O)C1)c1sccc1C";"PBJUNZJWGZTSKL-MRXNPFEDSA-N"
"CHEMBL1522";"ESZOPICLONE";"(S)-ZOPICLONE|(S)-Zopiclone|ESTORRA|ESZOPICLON|ESZOPICLONE|ESZOPICLONE CIV|GSK-1755165|Lunesta|ZOPICLONE S-FORM";"Small molecule";"4.0";"388.82";"23";"79";"1.57";"91.76";"7";"0";"0";"2";"N";"0.77";"8.04";"6.86";"0.52";"0.59";"2";"MOL";"0";"27";"9";"0";"0";"388.1051";"-0.99";"NEUTRAL";"C17H17ClN6O3";"CN1CCN(C(=O)O[C@H]2c3nccnc3C(=O)N2c2ccc(Cl)cn2)CC1";"GBBSUAFBMRNDJC-INIZCTEOSA-N"
"CHEMBL12713";"SERTINDOLE";"LU 23-174|LU-23-174|SERDOLECT|SERTINDOLE|SerLect|ZERDOL";"Small molecule";"4.0";"440.95";"49";"162";"4.63";"40.51";"3";"1";"0";"5";"N";"0.63";"None";"8.56";"4.15";"2.96";"3";"MOL";"0";"31";"5";"1";"0";"440.1779";"-1.44";"BASE";"C24H26ClFN4O";"O=C1NCCN1CCN1CCC(c2cn(-c3ccc(F)cc3)c3ccc(Cl)cc23)CC1";"GZKLJWGUPQBVJQ-UHFFFAOYSA-N"
